id,name
0,高知県立高知東高等学校
1,愛国高等学校
2,千葉県立湖北高等学校
3,静岡県立磐田商業高等学校
4,東京都立北多摩高等学校
5,大阪府立鳥飼高等学校
6,横浜市立みなと総合高等学校
7,北海道札幌西陵高等学校
8,東福岡高等学校
9,海城高等学校
10,長崎県立諫早東高等学校
11,長崎県立西彼杵高等学校
12,千葉県立市原緑高等学校
13,岩手県立黒沢尻北高等学校
14,山口県立萩商工高等学校
15,愛知黎明高等学校
16,福島県立郡山西工業高等学校
17,大阪緑涼高等学校
18,岐阜県立海津明誠高等学校
19,東京都立狛江高等学校
20,山口県立防府高等学校
21,長野県豊科高等学校
22,土浦第一女子高等学校
23,川崎市立商業高等学校
24,岩手県立盛岡農業高等学校
25,岩手県立浄法寺高等学校
26,宮城県伊具高等学校
27,福井県立丸岡高等学校
28,島根県立隠岐高等学校
29,香川県立高松南高等学校
30,宮城県白石高等学校
31,鹿児島県立種子島高等学校
32,北海道朝鮮初中高級学校
33,千葉県立市川北高等学校
34,広島県立熊野高等学校
35,埼玉県立上尾東高等学校
36,北海道伊達高等学校
37,沖縄県立美里高等学校・嘉手納高等学校
38,岩手県立宮古北高等学校
39,福岡県立玄洋高等学校
40,山口県立響高等学校
41,愛知県立犬山高等学校
42,愛知県立豊田南高等学校
43,神奈川県立厚木南高等学校
44,つくば国際大学高等学校千代田校舎
45,広島県立三次高等学校
46,埼玉県立川越高等学校
47,山梨県立都留興譲館高等学校
48,金沢高等学校
49,栃木県立佐野高等学校
50,遊学館高等学校
51,栃木県立日光明峰高等学校
52,吉野、広陵、大和広陵高等学校（合同）
53,鹿児島県立指宿高等学校
54,大阪府立千里高等学校
55,東京都立成瀬高等学校
56,新潟県立小千谷西高等学校
57,東大阪大学敬愛高等学校
58,八戸工業大学第一高等学校
59,和歌山県立那賀高等学校
60,神奈川県立上矢部高等学校
61,坂城・更科農業・中条・上田千曲
62,神奈川県立住吉高等学校
63,鹿児島県立市来農芸高等学校・串木野高等学校
64,鹿児島県立入来商業高等学校・川薩清修館高等学校
65,北海道滝川高等学校
66,茨城県立鉾田第一高等学校
67,千葉県立若松高等学校
68,土佐女子高等学校
69,新潟県立長岡高等学校
70,静岡県立伊豆中央高等学校
71,東北高等学校
72,石川県立金沢桜丘高等学校
73,都城高等学校
74,大阪府立日根野高等学校
75,愛知県立蒲郡東高等学校
76,水戸女子高等学校
77,緑ヶ丘女子中学校・高等学校
78,京都精華学園高等学校
79,石川県立珠洲実業高等学校
80,北海道旭川永嶺高等学校
81,神戸市立六甲アイランド・赤塚山・神戸商業高等学校
82,宮城県広瀬高等学校
83,神奈川県立横浜翠嵐高等学校
84,富山県立入善高等学校
85,倉吉北高等学校
86,長野県飯山北高等学校
87,雲雀丘学園高等学校
88,福島県立喜多方東高等学校
89,宮城学院中学校・高等学校
90,神奈川県立相模原弥栄高等学校
91,鹿児島県立川内高等学校
92,日南学園高等学校
93,和歌山県立御坊商工高等学校
94,宮城県仙台商業高等学校
95,大阪府立淀川工科高等学校
96,東京都立豊多摩高等学校
97,鳥取県立境港総合技術高等学校
98,香川県立石田高等学校
99,千葉英和高等学校
100,神奈川県立横浜清陵高等学校
101,広島県立世羅高等学校
102,福井県立大野高等学校
103,駒澤大学附属苫小牧高等学校
104,京都聖カタリナ高等学校
105,北海道東川高等学校
106,広島県立竹原高等学校
107,東京学館浦安中学校・高等学校
108,高知県立安芸中・高等学校
109,工学院大学附属高等学校
110,東海大札幌
111,兵庫県立須磨南高等学校
112,熊本市立必由館高等学校
113,大阪市立桜宮高等学校
114,福島県立修明高等学校
115,PL学園高等学校
116,埼玉県立毛呂山高等学校
117,群馬県立桐生高等学校
118,新潟県立新津南高等学校
119,トキワ松学園高等学校
120,茨城県立勝田工業高等学校
121,滋賀県立彦根翔陽高等学校
122,札幌新陽高等学校
123,愛知県立三好高等学校
124,広島市立安佐北高等学校
125,博多高等学校
126,横須賀市立横須賀総合高等学校
127,静岡県立吉原高等学校
128,愛媛県立伊予農業高等学校
129,兵庫県立西脇工業高等学校
130,福井県立若狭東高等学校
131,千葉県立沼南高柳高等学校
132,春日部共栄中学高等学校
133,新潟市立高志中等教育学校
134,愛媛県立川之石高等学校
135,大分県立森高等学校
136,埼玉県立岩槻北陵高等学校
137,静岡県立駿河総合高等学校
138,群馬県立中之条高等学校・県立新田暁高等学校
139,東京都立江戸川高等学校
140,八戸電波工業高等学校
141,長野県伊那弥生ヶ丘高等学校
142,福岡県立糸島高等学校
143,奈良県立二階堂高等学校・榛生昇陽高等学校・大宇陀高等学校
144,近畿大学泉州高等学校
145,静岡県立藤枝西高等学校
146,大阪府立阿武野高等学校
147,福島県立光南高等学校
148,金蘭会高等学校・中学校
149,神奈川県立湘南高等学校
150,山口県立西京高等学校
151,北海道三笠高等学校
152,神奈川県立麻生高等学校
153,夙川中学校・高等学校
154,鹿児島市立鹿児島商業高等学校
155,新潟県立津川高等学校
156,島根県立津和野高等学校
157,沖縄県立久米島高等学校
158,上宮高等学校
159,和歌山県立笠田高等学校
160,東京都立町田総合高等学校
161,名古屋市立富田高等学校
162,鳥取県立倉吉工業高等学校
163,神奈川県立清水ヶ丘高等学校
164,沖縄県立北山高等学校・北部農林高等学校
165,福島県立相馬農業・小高工業高等学校
166,大間町立奥戸中学校・青森県立大間高等学校
167,福岡県立西田川高等学校
168,北海道札幌篠路高等学校
169,北海道檜山北高等学校
170,熊本県立御船高等学校
171,熊本県立八代高等学校
172,埼玉県立杉戸農業高等学校
173,竹原高等学校・忠海高等学校合同
174,岡山県立児島高等学校
175,中央学院高等学校
176,室蘭大谷高等学校
177,京都府立洛水高等学校
178,栃木県立鹿沼商工高等学校
179,神奈川県立座間総合高等学校
180,岩手県立宮古商工高等学校
181,八代白百合学園高等学校
182,奈良県立片桐高等学校
183,愛媛県立松山西中等教育学校
184,明星高等学校
185,旭川明成高等学校
186,山梨県立峡南高等学校
187,山口県立防府西高等学校
188,和歌山県立新宮高等学校
189,大阪府立西浦高等学校
190,埼玉県立八潮高等学校
191,高山西高等学校
192,富山県立福光高等学校
193,岐阜県立恵那北高等学校
194,長野県上田東高等学校
195,千葉県立柏井高等学校
196,鳥取県立青谷高等学校
197,山梨県立吉田高等学校
198,滋賀県立東大津高等学校
199,群馬県立高崎東高等学校
200,沖縄県立具志川高等学校
201,北海道札幌南陵高等学校
202,山梨県立甲府南高等学校
203,千葉県立柏南高等学校
204,沖縄県立名護高等学校
205,富山県立大門高等学校
206,東京工業大学附属科学技術高等学校
207,福島県立保原高等学校
208,青森県立六ヶ所高等学校・六ヶ所村立第二中学校
209,日本女子大学附属高等学校
210,我孫子二階堂高等学校
211,岡山県立津山東高等学校
212,岩手県立久慈農林高等学校
213,岐阜県立中津高等学校
214,愛知県立岡崎西高等学校
215,富山県立南砺総合高等学校井波高等学校
216,大阪府立摂津高等学校
217,新潟県立新発田高等学校
218,茨城県立磯原高等学校
219,富士見丘高等学校
220,浅野高等学校
221,青森県立板柳高等学校
222,兵庫県立三原・淡路三原高等学校
223,北海道弟子屈高等学校
224,青森県立木造高等学校
225,大阪府立今宮高等学校
226,愛知県立小牧南高等学校
227,鹿児島県立種子島実業高等学校
228,長崎県立佐世保工業高等学校
229,大阪府立柴島高等学校
230,岐阜県立羽島北高等学校
231,伊勢崎市立四ツ葉学園中等教育学校
232,藤蔭高等学校
233,高知県立 中村中・高等学校
234,豊昭学園
235,愛知県立一宮西高等学校
236,青森山田高等学校
237,静岡県立袋井高等学校
238,荒尾高等学校・北稜高等学校
239,岩手県立花巻北高等学校
240,上宮学園中学校・上宮高等学校
241,宮崎県立宮崎農業高等学校鵬翔高等学校
242,山口高等学校徳佐分校
243,兵庫県立北須磨高等学校
244,京都府立峰山高等学校
245,東海大学付属静岡翔洋高等学校・中等部
246,城西大学付属川越高等学校・城西川越中学校
247,東日本国際大学附属昌平高等学校
248,近江高等学校
249,上田千曲・臼田・北佐久農業・望月高等学校
250,福井県立勝山高等学校
251,片山学園中学校・高等学校
252,三重県立津工業高等学校
253,近畿大学附属女子高等学校
254,富田女子高等学校
255,磐田東中学校・高等学校
256,山形県立酒田西高等学校
257,江戸川学園取手中・高等学校
258,相愛高等学校
259,杜若高等学校
260,茨城県立竜ヶ崎南高等学校
261,静岡県立榛原高等学校
262,福井県立三国高等学校
263,静岡県立三島南高等学校
264,愛知県立西尾東高等学校
265,茨城県立山方商業高等学校
266,徳佐高等学校・山口高等学校徳佐分校
267,秀明高等学校
268,大阪府立島本高等学校
269,秋田県立西仙北高等学校・秋田県立六郷高等学校
270,静岡県立遠江総合高等学校
271,御殿場西高等学校
272,北海道白糠高等学校・白糠町立白糠中学校
273,鹿児島修学館中学校・高等学校
274,福岡県立中間高等学校
275,岐阜県立益田高等学校
276,埼玉県立ふじみ野高等学校
277,新潟県立新潟北高等学校
278,北海道羅臼高等学校
279,北海道恵庭北高等学校
280,神奈川県立吉田島総合高等学校
281,千葉県立船橋西高等学校
282,筑紫台高等学校
283,国際学院中学校高等学校
284,熊本工大高等学校
285,滋賀県立瀬田工業高等学校
286,千葉県立君津商業高等学校
287,兵庫県立神戸鈴蘭台高等学校
288,福島県立会津工業等学校
289,兵庫県立武庫荘高等学校
290,捜真女学校高等学部
291,京都翔英高等学校
292,岐阜県立東濃高校県立可児工業高校
293,地球環境高等学校
294,興南高等学校
295,北海道函館稜北高等学校
296,秀明八千代中学・高等学校
297,東京都立山崎高等学校
298,岩田中学・高等学校
299,金蘭会高等学校
300,栃木県立足利南高等学校
301,長崎県立諫早農業高等学校
302,敬和学園高等学校
303,京都府立木津高等学校
304,滋賀県立膳所高等学校
305,東京都立清瀬高等学校
306,伊勢崎市立四ツ葉学園中等教育学校後期課程
307,福島県立田島高等学校
308,山口県立岩国高等学校
309,龍谷富山高等学校
310,大阪府立北野高等学校
311,埼玉県立越谷総合技術高等学校
312,千葉県立安房拓心高等学校・南房総市立和田中学校
313,龍谷大学付属平安中学校・高等学校
314,茨城県立日立商業高等学校
315,兵庫県立明石北高等学校
316,宮城県大河原高等学校
317,愛知県立安城南高等学校
318,北海道歌志内高等学校
319,山形県立上山高等学校
320,埼玉県立上尾南高等学校
321,兵庫県立高砂南高等学校
322,熊本マリスト学園中学校・高等学校
323,山口県立田布施農業高等学校
324,秋田県立花岡工業高等学校
325,関西大倉中学校・高等学校
326,明法高等学校
327,駒込高等学校
328,岸和田市立産業高等学校
329,敬愛学園高等学校
330,大西学園中学校・高等学校
331,大阪府立門真なみはや高等学校
332,如水館中学・高等学校
333,福山市立福山中・高等学校
334,樟蔭中学校・高等学校
335,伊勢崎市立伊勢崎高等学校・四ツ葉学園中等教育学校
336,北海道森高等学校
337,光ヶ丘女子高等学校
338,大分県立三重高等学校
339,桐光学園高等学校
340,さいたま市立大宮北高等学校
341,英明高等学校
342,東京都立園芸高等学校
343,山口県立柳井工業高等学校
344,福島県立塙工業高等学校
345,岡山県立総社南高等学校
346,香川県藤井高等学校
347,千葉県立土気高等学校
348,西武台千葉中学校・西武台千葉高等学校
349,上越高等学校
350,宮崎県立宮崎南高等学校
351,高知中央高等学校
352,静岡県立相良高等学校
353,愛媛県立今治東高等学校
354,群馬県立勢多農林高等学校
355,愛媛県立大三島高等学校
356,関市立関商工高等学校
357,宮城県泉館山高等学校
358,神奈川県立大和東高等学校
359,福島県立船引高等学校
360,高知県立高知農業高等学校
361,兵庫県立社高等学校
362,広島県立油木高等学校
363,青森県立青森南高等学校
364,松蔭学園
365,近畿大学附属高等学校
366,東京都立桜町高等学校
367,東筑紫学園高等学校
368,大分県立大分工業高等学校
369,富田高等学校・岐阜東高等学校
370,熊本県立熊本工業高等学校
371,福岡市立福岡女子高等学校
372,高朋高等学校
373,静岡県立浜松江之島高等学校
374,長万部高等学校・熊石高等学校
375,大阪府立長尾高等学校
376,東奥義塾高等学校
377,東大阪大学柏原高等学校
378,熊本県立八代東高等学校・八代工業高等学校
379,秋田県立大館工業高等学校
380,稚内大谷高等学校
381,福島県立福島工業高等学校
382,東海大学付属相模高等学校
383,福岡県立門司商業高等学校
384,千葉県立犢橋高等学校
385,米沢中央高等学校
386,静岡県立御殿場南高等学校
387,福島県立内郷高等学校
388,千葉日本大学第一高等学校
389,大阪府立北かわち皐が丘高等学校
390,福岡県立大川高等学校
391,川崎市立高津高等学校
392,滋賀県立守山中学校・高等学校
393,愛媛県立今治南高等学校
394,甲府市立甲府商業高等学校
395,茨城県立並木高等学校
396,青森県立今別高等学校
397,近江兄弟社高等学校
398,八戸工業高等専門学校
399,希望が丘高等学校
400,広島市立広島商業高等学校
401,宮崎日本大学中学校・高等学校
402,鹿児島県立錦江湾高等学校
403,立命館守山高等学校
404,東海高等学校
405,三重県立明野高等学校
406,三重県立津高等学校
407,東京都立小平高等学校
408,高知県立嶺北中・高等学校
409,清真学園高等学校
410,千葉市立千葉高等学校
411,大阪府立江南高等学校
412,上宮学園
413,神奈川県立大和高等学校
414,阪急商業学園
415,九州学院中学・高等学校
416,岩手県立大船渡東高等学校
417,城星学園中学校・高等学校
418,関西福祉大学金光藤蔭高等学校
419,京都府立北嵯峨高等学校
420,博多女子商業高等学校
421,岩手県立一関工業高等学校
422,北海道函館中部高等学校
423,奈良県立登美ケ丘高等学校
424,新潟県立柏崎常盤高等学校
425,祇園北高等学校
426,長野県篠ノ井高等学校
427,岐阜県立岐阜総合学園高等学校
428,岩手県立釜石北高等学校
429,近畿大学附属和歌山高等学校
430,沖縄県立那覇西高等学校
431,広島県立呉昭和高等学校
432,和歌山県立橋本高等学校
433,愛媛県立大洲高等学校
434,白樺学園高等学校
435,南山高等・中学校男子部
436,平安中学校・高等学校
437,滋賀県立日野高等学校
438,大阪府立東寝屋川・北かわち皐ヶ丘高等学校
439,兵庫県立西脇高等学校
440,光英VERITAS中学校・高等学校
441,長野県大町北高等学校
442,学法福島高等学校
443,大分県立大分女子高等学校
444,日星高等学校
445,大阪府立枚方高等学校
446,埼玉県立越谷北高等学校
447,山形県立荒砥高等学校
448,鵬翔高等学校
449,鳥取県立鳥取湖陵高等学校
450,兵庫県立豊岡高等学校
451,埼玉県立大宮光陵高等学校
452,長野日本大学中学・高等学校
453,北海道岩内高等学校
454,愛知県立瀬戸北総合高等学校
455,新潟県立栃尾高等学校
456,駒場東邦高等学校
457,茨城県立大子清流高等学校
458,青森県立青森西高等学校
459,岡山県立瀬戸南高等学校
460,玉名女子高等学校
461,千葉県立印旛明誠高等学校
462,品川女子学院
463,海星高等学校
464,北海道七飯高等学校
465,金蘭千里高等学校・中学校
466,高岡日本大学高等学校
467,広島県立戸手高等学校
468,文教大学付属高等学校
469,沖縄県立浦添高等学校
470,大阪府立懐風館・羽曳野高等学校
471,大阪国際滝井高等学校
472,千葉県立船橋古和釜高等学校
473,新潟県立新発田商業高等学校
474,富山県立氷見高等学校
475,京都府立宮津高等学校
476,埼玉県立小鹿野高等学校
477,三重県立上野農業高等学校・三重県立久居農林高等学校・三重県立明野高等学校
478,大阪府立泉陽高等学校
479,旭川実業高等学校
480,兵庫県立吉川高等学校
481,福井県立高志高等学校
482,島根県立邇摩高等学校
483,千葉商科大学付属高等学校 
484,沖縄県立那覇商業高等学校
485,開智日本橋学園高等学校
486,広島なぎさ中学校・高等学校
487,山梨県立白根高等学校
488,岡谷東・富士見高等学校
489,神奈川県立座間高等学校
490,北海道札幌北高等学校
491,大阪府立少路高等学校
492,千葉県立木更津高等学校
493,大阪府立狭山高等学校
494,創成館高等学校
495,藤沢翔陵高等学校										 										 										 										 										 										 										 										 										 										 										 										 										 										 										 										 										 										 										 										 										 										 					
496,広島県立広島中学校・広島高等学校
497,九州朝鮮中高級学校
498,学校法人高知学園　高知中学高等学校
499,石川県立金沢伏見高等学校
500,愛知県立松平高等学校
501,創学館高等学校
502,宇都宮短期大学附属高等学校
503,山形市立商業高等学校
504,長崎県立松浦高等学校
505,岐阜県立瑞浪高等学校
506,日本学園高等学校
507,埼玉県立浦和東高等学校
508,富山県立石動高等学校
509,神奈川県立大井高等学校
510,福岡朝鮮学園九州朝鮮中高級学校
511,新潟県立柏崎翔洋中等教育学校
512,白鵬女子高等学校
513,北海道名寄農業高等学校
514,長崎県立佐世保南高等学校
515,北海道留辺蘂・訓子府・北見工業高等学校合同バンド
516,藤枝明誠中学校・高等学校
517,興國高等学校
518,大分県立中津南高等学校
519,岩手県立千厩農業高等学校
520,八千代松陰高等学校
521,東海大学付属浦安高等学校中等部
522,福島県立福島南高等学校
523,奈良県立香芝高等学校
524,長崎県立有馬商業高等学校
525,高知県立高知南中学・高等学校
526,茨城県立岩瀬高等学校
527,千葉商科大学付属高等学校
528,長野県茅野高校・諏訪実業高校・辰野高校・高遠高校・上伊那農業高校
529,北海道砂川南高等学校
530,群馬県立前橋西高等学校
531,松戸市立松戸高等学校
532,秋田県立花輪高等学校
533,千葉県立茂原工業高等学校
534,北海道根室高等学校
535,瀧野川女子学園高等学校
536,神奈川県立白山高等学校
537,岐阜県立各務原西高等学校
538,千葉県立関宿高等学校
539,茨城県立守谷高等学校
540,横須賀市立横須賀高等学校
541,茨城県立岩井高等学校
542,福岡県立小倉東高等学校
543,福岡県立山田高等学校
544,千葉県立佐倉西高等学校
545,青森県立鰺ヶ沢高等学校
546,新潟県立有恒高等学校
547,鳥取県立岩美高等学校
548,獨協埼玉高等学校
549,新潟県立新潟南高等学校
550,兵庫県立豊岡実業・県立豊岡総合高等学校
551,明星中学校・高等学校
552,北豊島高等学校
553,石川県立門前高等学校
554,岡谷工業・岡谷東・富士見高等学校
555,埼玉県立所沢商業高等学校
556,東京都立大崎高等学校
557,兵庫県立尼崎西高等学校
558,阿智・飯田工業・高遠・松川
559,浪速高等学校・中学校
560,神戸山手女子中学校・高等学校
561,大分県立三重総合高等学校
562,諏訪実業・富士見高等学校
563,茨城県立茨城東・友部・常北高等学校
564,岩手県立宮古商業高等学校
565,東京都立町田高等学校
566,福岡県立直方高等学校
567,大分県立大分西高等学校
568,大阪府立阿倍野高等学校
569,群馬県立長野原高等学校・群馬県立嬬恋高等学校
570,熊本県立宇土高等学校
571,宮崎県立宮崎西高等学校・附属中学校
572,常盤木学園高等学校
573,誠陵高等学校（誠陵高校善通寺教場/尽誠学園高校合同）
574,盛岡中央高等学校
575,臼田・小海・小諸商業高等学校
576,熊本県立北稜・玉名工業高等学校
577,千代田女学園高等学校
578,鳥取県立米子西高等学校
579,沖縄県立具志川商業高等学校
580,山形県立山形北高等学校
581,愛媛県立松山東高等学校
582,群馬県立吉井高等学校
583,京都府立田辺高等学校
584,群馬県立富岡高等学校・県立富岡東高等学校
585,新潟県立新潟商業高等学校
586,東京都市大学付属高等学校
587,高知県立中村中学校・高等学校
588,岩手県立花巻農業高等学校笹間分校
589,岡山県立津山工業高等学校
590,沖縄県立宮古農林高等学校
591,青藍泰斗高等学校
592,大下学園祇園高等学校
593,埼玉県立川越西高等学校
594,福岡県立浮羽工業高等学校
595,五所川原第一高等学校
596,至学館高等学校
597,麹町学園女子高等学校
598,茨城県立古河第二高等学校
599,岐阜県立吉城高等学校
600,熊本県立天草農業高等学校
601,山形城北高等学校
602,新潟県立新潟高等学校
603,山形県立鶴岡南高等学校
604,神戸市立神港高等学校・神港橘高等学校・兵庫商業高等学校
605,北海道旭川南高等学校
606,中野立志館高等学校・須坂創成高等学校
607,広島県立安西高等学校
608,長野県小諸商業高等学校
609,岩手県立花巻南高等学校
610,高岡龍谷高等学校
611,長崎県立島原農業高等学校
612,盛岡誠桜高等学校
613,大阪府立香里丘高等学校
614,広島県立高陽高等学校
615,大阪府立三島高等学校
616,千葉市立稲毛高等学校
617,鹿児島県立武岡台高等学校
618,会津若松ザベリオ学園高等学校
619,愛媛県立宇和島南高等学校
620,東京都立田無高等学校
621,鹿児島県立屋久島高等学校
622,岡山県立笠岡商業高等学校
623,青森県立浪岡高等学校
624,九里学園高等学校
625,高森高等学校・高森みどり中学校
626,茨城県立鬼怒商業高等学校
627,熊本県立多良木高等学校・熊本県立芦北高等学校合同
628,大阪市立咲くやこの花中学校・高等学校
629,宮城県松島高等学校
630,愛知県立大府高等学校
631,鹿児島県立中種子高等学校・種子島中央高等学校
632,滋賀県立北大津高等学校
633,小国高等学校・小国支援学校
634,北海道美深高等学校
635,芝浦工業大学柏高等学校
636,神奈川県立川和高等学校
637,愛媛県立南宇和高等学校・愛南町立一本松中学校
638,常総学院高等学校
639,岩手県立山田高等学校
640,北九州市立戸畑商業高等学校
641,群馬県立館林女子高等学校
642,福井県立武生高等学校
643,東京都立府中東高等学校
644,阿波高等学校
645,北海道上川高等学校
646,高知県立高知南中・高等学校
647,岡山県立津山商業高等学校
648,長崎県立佐世保北高等学校
649,香川県立観音寺総合高等学校
650,広島県立戸手商業高等学校
651,岩手県立花泉高等学校
652,山陽女子高等学校
653,長崎県立国見高等学校
654,静岡県立沼津商業高等学校
655,鶴見大学附属中学校・高等学校
656,愛知教育大学附属高等学校
657,広島市立安佐北中学校・高等学校・広島中等教育学校
658,大阪府立松原高等学校
659,兵庫県立明石清水高等学校
660,鹿児島県立薩南工業・頴娃高等学校
661,神奈川県立相模田名高等学校
662,山形県立酒田工業高等学校
663,福井県立敦賀高等学校
664,佐賀県立唐津工業高等学校
665,追手門学院中学校・高等学校
666,栃木県立黒羽高等学校
667,栃木県立益子高等学校
668,長崎県立猶興館高等学校
669,上田西高等学校
670,石川県立寺井高等学校
671,鹿本商工・城北・玉名工業
672,福岡県立豊津高等学校
673,常翔啓光学園中学校・高等学校
674,東京都立武蔵野北高等学校
675,鳥取敬愛高等学校
676,札幌光星高等学校
677,岩手県立水沢工業高等学校・前沢高等学校
678,長野県木曽青峰高等学校
679,新潟県立新潟東高等学校
680,誉高等学校
681,東海大学付属市原望洋高等学校 
682,大阪府立大東・緑風冠高等学校
683,北海高等学校
684,日向学院中学校・高等学校
685,宮城県古川女子高等学校
686,桂・都留興譲館高等学校
687,兵庫県立夢前高等学校
688,辞退
689,桐朋高等学校
690,愛知県立東郷高等学校
691,桃山学院中学校・高等学校
692,東京都立東久留米総合高等学校
693,帝京大学高等学校
694,石川県立輪島実業高等学校
695,興譲館高等学校
696,大分県立大分南高等学校
697,愛知県立春日井西高等学校
698,福岡県立育徳館高等学校
699,秋田県立能代松陽高等学校
700,三重県立員弁高等学校
701,秋田県立湯沢翔北高等学校
702,愛知県立渥美農業高等学校
703,新田高校
704,大阪女子高等学校
705,長野南・屋代南・長野俊英・中条・長野西中条校・犀峡高等学校
706,長野俊英・坂城・屋代南・長野西高校中条校
707,長野県阿智高等学校
708,神奈川県立野庭高等学校
709,東京電機大学高等学校
710,北海道増毛高等学校
711,和歌山県立熊野高等学校
712,北海道上士幌高等学校
713,宮城県気仙沼女子高等学校
714,東京都立竹早高等学校
715,広島市立舟入高等学校
716,長野県中条高等学校
717,宮崎県立宮崎西高等学校
718,新潟県立六日町高等学校
719,東京都立足立西高等学校
720,別府大学附属高等学校
721,日体桜華高等学校
722,弘前学院聖愛中学高等学校
723,富山第一高等学校
724,福岡県立光陵高等学校
725,釧路第一高等学校
726,帝京第五高等学校
727,気仙沼女子高等学校
728,京都府立綾部高等学校
729,香川高等専門学校
730,金沢学院
731,沖縄県立首里高等学校
732,北海道大野農業・上磯高等学校
733,香川県立三豊工業高等学校
734,茨城キリスト教学園高等学校
735,三重県立相可高等学校
736,千葉県立船橋啓明高等学校
737,江の川高等学校・江津市立跡市中学校
738,東京都立国立高等学校
739,兵庫県立三田祥雲館高等学校
740,兵庫県立芦屋高等学校
741,千葉県立京葉高等学校
742,香川県立高松工芸高等学校
743,福島県立岩瀬農業高等学校
744,沖縄県立前原高等学校
745,宮崎県立延岡東高等学校
746,岐阜県立関高等学校
747,三重県立津商業高等学校
748,滋賀県立虎姫高等学校
749,新田高等学校
750,初芝立命館中学校・高等学校
751,東筑紫学園高等学校・照曜館中学校
752,兵庫県立尼崎小田高等学校
753,群馬県立中央高等学校
754,熊本県立山鹿高等学校
755,大分県立鶴崎工業高等学校
756,清風高等学校
757,山口県立徳佐高等学校
758,山形県立寒河江高等学校
759,千葉県立四街道高等学校
760,宮城県柴田農林高等学校
761,銀河学院中・高等学校
762,鳥取県立倉吉農業高等学校
763,愛知県立丹羽高等学校
764,静岡県立浜松工業高等学校
765,大阪府立久米田高等学校
766,宮崎県立富島高等学校
767,大阪府立守口高等学校
768,長野県上伊那農業高等学校
769,熊本市立千原台高等学校
770,北海道科学大学高等学校
771,神奈川県立平安高等学校
772,京都府立東宇治高等学校
773,岡山県立岡山東商業高等学校
774,佐賀県立神埼清明高等学校
775,安佐北中・高・広島中等教育学校
776,富士市立高等学校
777,啓明学館高等学校
778,秋田県立能代科学技術高等学校
779,埼玉県立秩父農工科学高等学校
780,滋賀県立守山北高等学校
781,法政大学第二中・高等学校
782,東京都立つばさ総合高等学校
783,愛知県立豊野高等学校
784,三重県立桑名工業高等学校
785,秋田県立大館桂高等学校
786,福岡県立八幡高等学校
787,東京都立雪谷高等学校
788,熊本県立八代工業高等学校
789,平安女学院高等学校
790,新潟県立直江津中等教育学校
791,福岡大学附属若葉高等学校
792,宮城県名取高等学校
793,北海道室蘭東翔高等学校
794,岡山県共生高等学校
795,上宮太子中学校・高等学校
796,市川高等学校
797,大阪府立今宮工科・港南造形・咲洲・西成高等学校合同
798,岐阜県立海津明誠高等学校（海津校舎）
799,愛知県立一宮高等学校
800,石川県立七尾商業高等学校
801,茨城県立並木中等教育学校
802,樟南高等学校
803,京都府立西舞鶴高等学校
804,山口県桜ケ丘高等学校
805,京都府立京都すばる高等学校
806,更級農業高等学校・長野工業高等学校・長野南高等学校
807,北海道釧路西高等学校
808,越生工業技術専門学校
809,愛媛県立南宇和高等学校
810,埼玉県立岩槻商業高等学校
811,鳥取県立米子工業高等学校
812,広島県立大門高等学校
813,北海道千歳高等学校
814,愛知県立吉良高等学校
815,島根県立松江農林高等学校
816,京都府立城南高等学校
817,秋田県立雄物川高等学校
818,愛知県立東海南高等学校
819,秋田県立羽後高等学校
820,金光藤蔭高等学校
821,函館大学付属女子高等学校
822,京都市立上京中学校
823,福岡県立久留米高等学校
824,早稲田大学本庄高等学院
825,山口県立美祢工業高等学校
826,福島県立葵高等学校
827,沖縄県立小禄高等学校
828,愛媛大学附属高等学校
829,兵庫県立猪名川高等学校
830,埼玉県立桶川高等学校
831,長野県飯田長姫高等学校
832,東福岡高等学校・東福岡自彊館中学校
833,北海道佐呂間高等学校
834,尚志学園尚志高等学校
835,埼玉県立深谷第一高等学校
836,新渡戸文化高等学校
837,千葉県立薬園台高等学校
838,広島県立西条農業高等学校
839,目白研心高等学校
840,岩手県立伊保内高等学校
841,岩手県立宮古工業高等学校
842,岡山県立倉敷商業高等学校
843,千葉県立清水高等学校
844,宮城県加美農業高等学校
845,新潟県立燕高等学校
846,立命館中学校・高等学校
847,静岡県立浜松城北工業高等学校
848,大分県立大分商業高等学校
849,岩手県立葛巻高等学校
850,滋賀県立野洲高等学校
851,飯南町立赤来中学校・島根県立飯南高等学校
852,さいたま市立大宮西高等学校
853,神奈川県立海老名高等学校
854,日本体育大学桜華高等学校
855,青森県立田名部高等学校
856,宮城県子牛田農林高等学校
857,福知山成美高等学校福知山女子高等学校合同バンド
858,横浜市立東高等学校
859,栃木県立佐野東高等学校
860,大分県立佐伯豊南高等学校
861,熊本県立苓明高等学校・天草拓心高等学校
862,山口県立萩商業高等学校
863,松山東雲中学・高等学校
864,栃木県立宇都宮東高等学校
865,大阪府立港南造形高等学校
866,松本第一高等学校
867,栃木県立栃木工業高等学校
868,大阪教育大学教育学部附属高等学校池田校舎
869,松川・飯田工業高等学校
870,茨城県立日立工業高等学校
871,北海道阿寒高等学校
872,福岡県立須恵高等学校
873,熊本県立多良木高等学校
874,山口県立光高等学校
875,攻玉社高等学校
876,静岡県立湖西高等学校
877,岐阜県立加茂農林高等学校
878,東京都立目黒高等学校
879,長野県松本美須々ヶ丘高等学校
880,藤園女子高等学校
881,青森県立三沢高等学校
882,鹿児島純心女子高等学校
883,富山県立砺波工業高等学校
884,兵庫県立尼崎高等学校
885,千葉県立千葉商業高等学校
886,大鉄学園交響吹奏楽
887,山形県立小国高等学校
888,大分県立三重農業高等学校
889,江陵高等学校
890,船橋市立船橋高等学校 
891,静岡県立島田商業高等学校
892,宮城県上沼農業高等学校
893,武蔵野大学高等学校
894,山口県立下関西高等学校
895,徳島県立阿波高等学校
896,学法石川高等学校
897,青森県立三本木農業高等学校
898,大阪青凌高等学校
899,兵庫県立多可高等学校
900,昭和女子大学附属昭和高等学校
901,日章学園高等学校
902,大阪府立豊島高等学校
903,滋賀県立石山高等学校
904,関東国際高等学校
905,立正大学淞南高等学校
906,埼玉栄北高等専修学校
907,福岡県立香椎工業高等学校
908,岐阜県立岐阜藍川高等学校
909,北海道羽幌高等学校
910,長崎県立上五島高等学校
911,福井県立武生東高等学校
912,神奈川県立藤沢総合高等学校
913,横浜女学院高等学校
914,北海道札幌東高等学校
915,白鴎大学足利高等学校
916,北海道夕張高等学校
917,北海道札幌真栄高等学校
918,奈良文化高等学校
919,大阪産業大学附属高等学校
920,鵬学園高等学校
921,茨城高等学校
922,埼玉県立大宮武蔵野高等学校
923,北海道池田高等学校
924,岩手県立釜石工業高等学校
925,宮崎県立高鍋農業高等学校
926,昭和学院中学校・高等学校
927,青森県立弘前南高等学校
928,群馬県立長野原高等学校
929,熊本県立高森高等学校
930,神奈川県立横浜日野高等学校
931,兵庫県立西宮高等学校
932,錦城学園高等学校
933,熊本県立矢部高等学校
934,東京農業大学第三高等学校
935,大阪市立東商業学校
936,高田高等学校
937,北海道札幌手稲高等学校
938,千葉県立袖ヶ浦高等学校
939,北海道斜里高等学校
940,新潟県立巻総合高等学校
941,東海大学菅生高等学校
942,鳥取県立米子高等学校
943,京都府立向陽高等学校
944,岩手県立釜石南高等学校
945,山口県立青嶺高等学校
946,北海道芦別商業高等学校
947,鷗友学園女子高等学校
948,群馬県立嬬恋高等学校
949,兵庫県立香住高等学校
950,大阪府立箕面高等学校
951,北海道長沼高等学校
952,滋賀県立高島高等学校
953,福岡県立西鞍手高等学校
954,福島県立湯本高等学校
955,青森県立百石高等学校
956,北海道野幌高等学校
957,佐世保実業高等学校
958,千葉県立木更津東高等学校
959,帯広大谷高等学校
960,兵庫県立西宮今津高等学校
961,駒沢学園女子高等学校
962,山形県立庄内農業高等学校
963,秋田県立金足農業高等学校
964,茨城県立波崎高等学校
965,十文字高等学校
966,専修大学附属高等学校
967,愛媛県立北条高等学校
968,兵庫県立長田高等学校
969,群馬県立西邑楽高等学校
970,島根県立益田翔陽高等学校
971,東京都立葛飾野高等学校
972,栃木県立佐野女子高等学校
973,姫路市立琴丘高等学校
974,品川高等学校
975,東京都立橘高等学校
976,京都市立日吉ヶ丘高等学校
977,宮崎県立小林秀峰高等学校
978,千葉県立流山中央高等学校
979,近畿大学附属広島高等学校福山校
980,三田学園中学校・高等学校
981,日本大学山形高等学校
982,鳥取県立倉吉総合産業高等学校
983,ルーテル学院高等学校
984,長野県上田千曲高等学校
985,常葉菊川高等学校
986,大阪市立南高等学校
987,宮城県角田高等学校
988,福島県立福島東高等学校
989,新潟市立万代高等学校
990,栃木県立芳賀高等学校
991,神奈川県立百合丘高等学校
992,岩手県立黒沢尻工業高等学校
993,北海道富良野高等学校
994,東京都立武蔵高等学校
995,群馬県立尾瀬高等学校
996,岐阜市立岐阜商業高等学校
997,河浦・牛深高等学校
998,和歌山県立紀央館高等学校
999,佐賀県立佐賀西高等学校
1000,沖縄県立八重山商工高等学校
1001,大阪府立牧野高等学校
1002,宇部鴻城高等学校
1003,市立札幌新川高等学校
1004,東京都立高島高等学校
1005,藤井学園寒川高等学校
1006,科学技術学園高等学校豊田
1007,高川学園高等学校・中学校
1008,愛知県立中村高等学校
1009,大阪府立高津高等学校
1010,北海道南富良野高等学校
1011,新潟県立三条商業高等学校
1012,奈良県立榛生昇陽･二階堂･大和広陵･山辺高等学校
1013,静岡県立清水工業・静岡・焼津水産・静岡女子高等学校
1014,北海道名寄産業高等学校
1015,山口県桜ケ丘高等学校・晃英館中学校
1016,島根県立浜田高等学校
1017,千葉県立松尾高等学校
1018,茨城県立中央高等学校
1019,大阪女学院高等学校
1020,奈良県立五條高等学校
1021,津田学園高等学校
1022,岐阜県立多治見北高等学校
1023,川口市立高等学校
1024,大鉄高等学校
1025,福岡県立粕屋高等学校
1026,山梨県立谷村工業高等学校
1027,京都府立朱雀高等学校
1028,富山県立魚津高等学校
1029,千葉県立市川昴高等学校・松戸六実高等学校
1030,埼玉県立三郷高等学校
1031,北部・市立皐月
1032,神奈川県立瀬谷高等学校
1033,愛知県立尾西高等学校
1034,福知山成美高等学校
1035,千葉県立東金商業高等学校
1036,山梨学院高等学校
1037,和歌山県立紀北工業高等学校
1038,新潟県立国際情報高等学校
1039,戸板女子高等学校
1040,愛媛県立新居浜東高等学校
1041,錦城高等学校
1042,市邨学園高蔵高等学校
1043,橘学苑高等学校
1044,萩光塩学院中学校・高等学校
1045,北海道札幌厚別高等学校
1046,秋田県立秋田北鷹高等学校
1047,新潟県立直江津高等学校、直江津中等教育学校（後期課程）
1048,沖縄県立浦添商業高等学校
1049,神奈川県立横須賀大津高等学校
1050,同朋高等学校
1051,大宇陀、関西中央、奈良女子、吉野高等学校（合同）
1052,秀明大学学校教師学部附属秀明八千代高等学校
1053,北海道福島商業高等学校
1054,大阪府立池田高等学校
1055,兵庫県立神戸商業高等学校
1056,福島県立若松商業高等学校
1057,東京朝鮮中高級学校
1058,香川県立小豆島中央高等学校
1059,茨城県立友部高等学校・多賀高等学校
1060,滋賀県立大津商業高等学校
1061,淞南学園高等学校
1062,富山県立新湊高等学校
1063,報徳学園高等学校
1064,栃木県立宇都宮中央女子高等学校
1065,大阪学院大学高等学校
1066,富山県立上市高等学校
1067,愛知県立春日井南高等学校
1068,札幌龍谷学園高等学校
1069,岡山県立岡山御津高等学校
1070,木更津総合高等学校
1071,遺愛女子中学・高等学校
1072,群馬県立中之条高等学校
1073,沖縄県立普天間高等学校
1074,新潟明訓高等学校
1075,兵庫県立武庫荘・武庫荘総合高等学校
1076,三重県立宇治山田商業高等学校
1077,愛知県立安城東高等学校
1078,淑徳高等学校
1079,大阪府立夕陽丘高等学校
1080,小諸商業・小海・臼田・軽井沢・北佐久農業高等学校
1081,滋賀県立八幡商業高等学校
1082,静岡県立浜松大平台高等学校
1083,早稲田大学系属実業学校
1084,山口県立安岡工業高等学校
1085,茨城県立潮来高等学校
1086,山口朝鮮高級学校
1087,兵庫県立御影高等学校
1088,明倫高等学校
1089,岐阜県立岐山高等学校
1090,三重県立久居農林高等学校・三重県立白山高等学校
1091,光泉高等学校
1092,岩手県立一関農業高等学校
1093,鹿児島県立松陽高等学校
1094,京華学園
1095,東京都立城東高等学校
1096,春日部共栄高等学校
1097,西武学園文理高等学校
1098,宮城県泉松陵高等学校
1099,帝京八王子高等学校
1100,北海道釧路工業高等学校
1101,山形県立山形中央高等学校
1102,徳島県立富岡西高等学校
1103,山梨県立甲府東高等学校
1104,東海大学付属札幌高等学校
1105,埼玉県立狭山高等学校
1106,清林館高等学校
1107,広島翔洋高等学校
1108,福島県立大沼高等学校
1109,神奈川県立元石川高等学校
1110,下関高等学校
1111,岡山県立玉島高等学校
1112,千葉県立大多喜高等学校
1113,鹿児島県立種子島中央高等学校
1114,福井県立奥越明成高等学校
1115,東京都立翔陽高等学校
1116,茨城県立伊奈高等学校
1117,神奈川県立吉田島高等学校
1118,鳥取女子高等学校
1119,神奈川県立荏田高等学校
1120,旭川大学高等学校
1121,山梨県立北富士工業高等学校
1122,富山県立雄山高等学校
1123,茨城県立古河中等教育学校
1124,東海大三
1125,文徳高等学校
1126,宮崎県立福島高等学校
1127,神港学園高等学校
1128,大阪府立吹田東高等学校
1129,長崎県立五島高等学校
1130,長野工業・屋代南・北部・長野俊英・犀峡高等学校
1131,東北学院中学・高等学校
1132,千葉県立館山総合高等学校・上総高等学校
1133,鹿児島県立頴娃高等学校
1134,宮城県白石工業高等学校
1135,日本大学高等学校
1136,鹿児島県立鹿屋農業高等学校
1137,大分東明高等学校
1138,周防大島高等学校・安下庄中学校
1139,宮崎県立宮崎大宮高等学校
1140,福岡県立早良高等学校
1141,千葉県立佐原高等学校
1142,大阪桐蔭高等学校
1143,広島県立三次青陵高等学校
1144,桐蔭学園中学校・高等学校女子部
1145,大阪府立四條畷高等学校
1146,流通経済大学付属柏高等学校
1147,奈良県立田原本農業高等学校・磯城野高等学校
1148,山形県立酒田東高等学校
1149,京都府立洛北高等学校
1150,青森県立大間高等学校
1151,茨城県立日立北高等学校
1152,愛知県立桃陵高等学校
1153,島根県立江津工業高等学校
1154,叡明高等学校
1155,清水ヶ丘高等学校
1156,富山県立滑川高等学校
1157,兵庫県立神戸高等学校
1158,大竹高、廿日市高
1159,沖縄県立開邦中学校・高等学校
1160,茨城県立境西高等学校
1161,専修大学玉名高等学校
1162,岡山県立備前高等学校
1163,大阪女子短期大学高等学校
1164,新潟県立津南中等教育学校
1165,大阪信愛学院中・高等学校
1166,兵庫県立洲本高等学校
1167,和歌山市立和歌山商業高等学校
1168,島根県立川本・島根中央高等学校
1169,岐阜県立岐阜北高等学校
1170,山梨県立上野原高等学校
1171,埼玉県立熊谷商業高等学校
1172,北海道札幌東豊高等学校
1173,山形県立置賜農業高等学校
1174,川村高等学校
1175,秋田県立横手工業高等学校
1176,岐阜県立中津商業高等学校
1177,長崎県立島原高等学校
1178,京都府立南丹高等学校
1179,盈進高等学校
1180,埼玉栄高等学校
1181,愛媛県立今治北高等学校大三島分校
1182,文星芸術大学附属高等学校・宇都宮文星女子高等学校
1183,松江西高等学校
1184,群馬県立前橋高等学校
1185,北海道留萌工業高等学校
1186,埼玉県立所沢中央高等学校
1187,和歌山県立桐蔭高等学校
1188,北海道網走向陽高等学校
1189,伊丹市立伊丹高等学校
1190,新潟県立新発田農業高等学校
1191,山村学園高等学校
1192,埼玉県立春日部高等学校
1193,佐賀県立鳥栖商業高等学校
1194,東日本国際大学附属昌平中学・高等学校
1195,自由ケ丘高等学校
1196,奈良県立斑鳩高等学校
1197,茨城県立麻生高等学校
1198,奈良県立大和広陵高等学校
1199,広島県立可部高等学校
1200,東京都立西高等学校
1201,富山県立南砺総合高等学校福野高等学校
1202,和歌山県立古座高等学校
1203,宮城県白石女子高等学校
1204,鹿児島県立加治木高等学校
1205,静岡市立高等学校
1206,神奈川県立金沢総合高等学校
1207,華頂女子高等学校
1208,菊華高等学校
1209,広島県立自彊高等学校
1210,香川県立三木高等学校
1211,那覇商業高等学校・豊見城高等学校
1212,奈良県立上牧高等学校
1213,大口明光学園中学校・高等学校
1214,新潟県立川西高等学校・津南高等学校
1215,静岡県富士見中学校・高等学校
1216,長野県茅野高等学校
1217,桜丘高等学校
1218,東京都立豊島高等学校
1219,竹田女子高等学校
1220,埼玉県立秩父農工高等学校
1221,山形県立米沢商業高等学校
1222,飯塚高等学校
1223,福井県立若狭高等学校
1224,長野県高遠高等学校
1225,大分県立871225高等学校
1226,埼玉県立吉川高等学校
1227,青森県立六戸高等学校
1228,埼玉県立久喜北陽高等学校
1229,下関市立下関商業高等学校
1230,筑陽学園高等学校
1231,兵庫県立志知高等学校
1232,福岡県立北筑高等学校
1233,神奈川県立大原高等学校・平塚中等教育学校
1234,東京成徳短期大学付属高等学校
1235,沖縄県立那覇国際高等学校
1236,神奈川県立湘南台高等学校
1237,富山国際大学付属高等学校
1238,立教新座中学校・高等学校
1239,兵庫県立宝塚北高等学校
1240,中央大学附属横浜中学校・高等学校
1241,岐阜県立各務原東高等学校
1242,静岡県立浜北西高等学校
1243,伊勢崎市立伊勢崎高等学校
1244,関西大学北陽高等学校
1245,青雲中学校・青雲高等学校
1246,宮城県名取北高等学校
1247,屋代南・長野俊英・長野工業高等学校
1248,秋田市立秋田商業高等学校
1249,岩手県立久慈東高等学校
1250,愛知県立半田農業高等学校
1251,拓殖大学紅陵高等学校 
1252,東京都立神代高等学校
1253,山形県立米沢興譲館高等学校
1254,高知県立高知追手前高等学校
1255,新潟県立水原高等学校
1256,大阪府立金剛高等学校
1257,新潟県立十日町高等学校
1258,オイスカ高等学校
1259,八王子実践高等学校
1260,酒田南高等学校
1261,愛知県立高浜高等学校
1262,岡山県立倉敷工業高等学校
1263,東京都立三鷹中等教育学校
1264,兵庫県立芦屋国際中等教育学校
1265,球磨商業・球磨中央高等学校
1266,山形県立谷地高等学校
1267,三重県立津東高等学校
1268,東京都立紅葉川高等学校
1269,大阪府立堺東高等学校
1270,北海道栄高等学校
1271,聖隷クリストファー高等学校
1272,東京成徳大学深谷高等学校
1273,洛南高等学校
1274,兵庫県立播磨南高等学校
1275,福岡県立新宮高等学校
1276,群馬県立太田女子高等学校
1277,池田高等学校
1278,東京都立東村山西高等学校
1279,兵庫県立尼崎工業高等学校
1280,福井県立美方高等学校
1281,千葉県立市原八幡高等学校
1282,東京都立南平高等学校
1283,新潟県立加茂農林高等学校
1284,岩手女子高等学校
1285,長崎県立壱岐商業高等学校
1286,熊本県立阿蘇高等学校
1287,静岡県立伊豆総合高等学校
1288,千葉県立市原高等学校
1289,群馬県立富岡高等学校・群馬県立富岡実業高等学校
1290,大崎中央高等学校
1291,石川県立富来高等学校
1292,広島県立五日市高等学校
1293,茨城県立水戸第三高等学校
1294,愛知県立新城東高等学校
1295,西武学園文理中学校・高等学校
1296,石川県立宇出津高等学校
1297,千葉県立流山南高等学校
1298,宮崎県立都城泉ヶ丘高等学校
1299,山口県立西市高等学校
1300,青森県立三沢商業高等学校
1301,小樽双葉高等学校
1302,新潟県立柏崎商業高等学校
1303,西宮市立西宮東高等学校
1304,大分県立中津商業高等学校
1305,宮城県石巻好文館高等学校
1306,滋賀県立米原高等学校
1307,大阪府立島上高等学校
1308,山梨県立身延高等学校
1309,千葉県立浦安南高等学校
1310,愛知県立日進高等学校
1311,長崎県立対馬高等学校
1312,大和青藍高等学校
1313,長野県白馬高等学校
1314,呉市立呉高等学校
1315,山梨県立韮崎工業高等学校
1316,北海道北見北斗高等学校
1317,兵庫県立三木北高等学校
1318,甲斐清和高等学校
1319,上伊那農業・諏訪実業・茅野・高遠・辰野高等学校
1320,秋田県立二ツ井高等学校
1321,大阪学芸高等学校
1322,新潟県立佐渡女子高等学校
1323,福岡県立浮羽高等学校
1324,広島県立広島国泰寺高等学校
1325,中里高校＋中里中学校
1326,山梨県立市川高等学校
1327,福島県立喜多方桐桜高等学校
1328,宮城県宮城広瀬高等学校
1329,関西中央高等学校
1330,佐賀県立唐津東高等学校
1331,西南学院高等学校
1332,北海道室蘭栄高等学校
1333,鹿児島県立鹿児島中央高等学校
1334,貞静学園高等学校
1335,日本航空高等学校
1336,大阪市立此花総合・扇町・咲くやこの花高等学校
1337,菊池女子高等学校
1338,聖隷クリストファー中・高等学校
1339,埼玉県立坂戸西高等学校
1340,大分県立中津東高等学校
1341,岩瀬日本大学高等学校
1342,岐阜県立大垣商業高等学校
1343,岐阜県立本巣高等学校
1344,昇陽高等学校・中学校
1345,佐賀県立多久高等学校
1346,愛徳学園中学校・高等学校
1347,岩手県立盛岡北高等学校
1348,開智高等学校
1349,埼玉県立草加東高等学校
1350,横浜市立桜丘高等学校
1351,名古屋経済大学市邨高等学校
1352,麗澤高等学校
1353,富山県立砺波高等学校
1354,東京都立向丘高等学校
1355,鹿児島県立中種子高等学校
1356,相洋高等学校
1357,山梨県立山梨高等学校
1358,京都朝鮮中高級学校
1359,玉野市立玉野商業高等学校
1360,和歌山工業高等専門学校
1361,群馬県立桐生清桜高等学校
1362,北海道旭川北都商業高等学校
1363,岩手県立盛岡南高等学校
1364,京都市立塔南高等学校
1365,福井県立武生商業・武生商工高等学校
1366,岩手県立北上農業高等学校
1367,秋田県立鷹巣高等学校
1368,更級農業・長野工業・中条長野俊英・長野南・屋代南(10:36)
1369,徳島県立名西高等学校
1370,静岡工業高等学校・焼津水産高等学校・清水工業高等学校
1371,東京都立稔ヶ丘高等学校
1372,同志社高等学校
1373,NARASHINO MUSIC CRIMSON TIDE
1374,学校法人済美学園 済美高等学校
1375,如水館高等学校
1376,栃木県立宇都宮北高等学校
1377,熊本電波高等学校
1378,実践学園高等学校
1379,福山誠之館高等学校
1380,梅花中学校・高等学校
1381,群馬県立館林高等学校、群馬県立大泉高等学校
1382,愛知淑徳高等学校
1383,北海道函館西高等学校
1384,千葉県立佐倉南高等学校
1385,常北・茨城東・那珂湊一
1386,神奈川県立横浜修悠館高等学校陸上自衛隊高等工科学校
1387,石川県立鹿西高等学校
1388,岩手県立西和賀高等学校
1389,北海道伊達緑丘高等学校・伊達開来高等学校
1390,明治大学付属中野八王子高等学校
1391,日生学園第二高等学校
1392,福岡県立青豊高等学校
1393,東北工業大学高等学校
1394,広島松本商業学校
1395,千葉県立船橋法典高等学校
1396,千葉敬愛高等学校
1397,長門高等学校
1398,愛知県緑丘商業高等学校
1399,山形県立米沢東高等学校
1400,神奈川県立厚木西高等学校
1401,大阪府立池田北高等学校
1402,近畿大学工業高等専門学校
1403,鳥取県立鳥取西工業高等学校
1404,仙台市立仙台高等学校
1405,臼田・望月高等学校
1406,岡山県作陽高等学校
1407,奈良県立王寺工業高等学校
1408,千葉県立幕張総合高等学校
1409,青森県立大湊高等学校
1410,沖縄県立沖縄工業高等学校
1411,熊本県立荒尾高等学校
1412,京都共栄学園中学校・高等学校
1413,長崎県立長崎明誠高等学校
1414,沖縄県立宜野湾高等学校・陽明高等学校
1415,宮城県石巻北高等学校
1416,鹿児島県立串良商業高等学校
1417,新潟明訓中学校・高等学校
1418,神戸星城高等学校
1419,長野県諏訪二葉高等学校
1420,湘南学園高等学校
1421,三重県立いなべ総合学園高等学校
1422,宮城県中新田高等学校
1423,宮城県石巻工業高等学校
1424,京都精華女子高等学校
1425,静岡理工科大学星陵高等学校
1426,サビエル高等学校
1427,伊勢学園高等学校
1428,島根県立島根中央高等学校
1429,大阪府立高石高等学校
1430,文星芸術大学附属高等学校
1431,宮城県黒川高等学校
1432,静岡県立静岡西高等学校
1433,香川県立琴平高等学校
1434,拓殖大学第一高等学校
1435,香川県立坂出工業高等学校
1436,広瀬高等学校・岩国高等学校広瀬分校・錦中学校
1437,秋田県立能代西高等学校
1438,東北学院高等学校
1439,中村学園三陽中学校・三陽高等学校 
1440,静岡県立田方農業高等学校
1441,東海大学第一高等学校
1442,鹿児島県立宮之城高等学校
1443,福岡文化学園博多女子中学・高等学校
1444,専修大学松戸高等学校
1445,大阪府守口東高等学校
1446,長崎県立大村城南高等学校
1447,秋草学園高等学校
1448,岡山県立興陽高等学校
1449,広島県立宮島工業高等学校
1450,北海道標茶高等学校
1451,山口県立幡生工業高等学校
1452,神奈川県立厚木高等学校
1453,北海道湧別高等学校
1454,青森県立弘前工業高等学校
1455,三浦学苑高等学校
1456,広島県庄原格致高等学校
1457,愛知県立半田工業・阿久比高等学校
1458,片淵少年吹奏楽研究会
1459,愛媛県新居浜東高等学校
1460,秋田県立能代高等学校
1461,岩手県立遠野高等学校
1462,長野県佐久平総合技術高等学校
1463,愛知県立瀬戸北高等学校
1464,東京都立八丈高等学校
1465,小豆島高等学校/土庄高等学校合同
1466,熊本第一工業高等学校
1467,習志野サウンドきらっターズ☆
1468,神奈川県立足柄高等学校
1469,前田学園鹿屋中央高等学校
1470,佐波高等学校・防府高等学校佐波分校
1471,山手学院高等学校
1472,常盤大学高等学校
1473,福井県立足羽高等学校
1474,京都府立乙訓高等学校
1475,北海道白糠高等学校
1476,岩手県立岩泉高等学校
1477,兵庫県立伊丹北高等学校
1478,佐賀県立唐津商業高等学校
1479,浪速高等学校
1480,益田東高等学校
1481,宮城県岩出山高等学校
1482,新潟県立中条高等学校
1483,日出学園中学校・高等学校
1484,桜美林高等学校
1485,埼玉県立栗橋高等学校
1486,広島市立広島中等教育学校
1487,千葉県立小金高等学校
1488,加藤学園暁秀中学校・高等学校
1489,大阪府立泉大津高等学校
1490,栃木県立大田原女子高等学校
1491,茨城県立総和高等学校
1492,弘前東高等学校
1493,奈良県立榛原高等学校
1494,大阪府立東豊中高等学校
1495,石川県立金沢商業高等学校
1496,祐誠高等学校
1497,新潟県立巻工業高等学校
1498,旭丘高等学校
1499,七尾学園益田東高等学校
1500,宮城県立盲学校
1501,千葉県立千葉工業高等学校
1502,高知県立山田高等学校
1503,岡山県立鴨方高等学校
1504,埼玉県立和光高等学校
1505,長野市立長野高等学校
1506,山形県立南陽高等学校
1507,神奈川県立七里ガ浜高等学校
1508,静岡県立小山高等学校
1509,福島県立平商業高等学校
1510,和歌山県立伊都高等学校
1511,江戸川学園取手中学校・高等学校
1512,広島県立祇園北高等学校
1513,岐阜県立岐阜高等学校
1514,岩手県立遠野高等学校宮守分校
1515,神奈川県立横浜緑園総合高等学校
1516,京都府立園部高等学校
1517,石川県立金沢錦丘高等学校
1518,千葉県立泉高等学校
1519,梓川・創造学園大学附属高等学校
1520,大阪府立守口東高等学校
1521,大阪教育大学附属高等学校天王寺校舎
1522,埼玉県立久喜高等学校
1523,岩手高等学校
1524,大成高等学校
1525,北海道美瑛高等学校
1526,神奈川県立二俣川看護福祉高等学校
1527,大阪府立春日丘高等学校
1528,長野県中野立志館高等学校
1529,東京都立広尾高等学校
1530,三重県立上野農業高等学校・三重県立久居農林高等学校
1531,神奈川県立横浜清陵総合高等学校
1532,愛知県立半田高等学校
1533,逗子開成中学校・高等学校
1534,上宮太子高等学校
1535,群馬県立富岡高等学校
1536,千葉県立市川東高等学校
1537,大分県立別府羽室台高等学校
1538,慶進中学校・高等学校
1539,岡山県立林野高等学校
1540,秋田県立横手高等学校
1541,足利工業大学短期大学附属高等学校
1542,川口市立川口総合高等学校
1543,クラーク記念国際高等学校
1544,徳島県立辻高等学校・三好高等学校
1545,神奈川県立秦野南が丘高等学校
1546,岡山県立岡山一宮高等学校
1547,神奈川県立藤沢高等学校、大清水高等学校
1548,富士学苑高等学校
1549,三重県立松阪工業高等学校
1550,沖縄県立南風原高等学校
1551,高知県立高知国際高等学校
1552,新潟県立小千谷高等学校
1553,富山県立八尾高等学校
1554,島根県立横田高等学校
1555,沖縄工業高等専門学校
1556,山形精華高等学校
1557,鳥取県立倉吉東高等学校
1558,三重県立四日市商業高等学校
1559,広島県立高陽東高等学校
1560,東洋大学附属牛久高等学校
1561,東京都立八王子北高等学校
1562,大阪府立成城高等学校
1563,香川県立高松東高等学校
1564,岩手県立釜石北高等学校・大槌高等学校
1565,千葉県立勝浦高等学校
1566,神奈川県立岸根高等学校
1567,中京高等学校
1568,多良木・南陵高等学校
1569,大垣日本大学高等学校
1570,東海学園高等学校
1571,神奈川県立相模原青陵高等学校
1572,千葉県立船橋豊富高等学校
1573,三重県立津西高等学校
1574,新潟県立村上桜ヶ丘高等学校
1575,下北沢成徳高等学校
1576,田布施農業高等学校・田布施農工高等学校
1577,奈良県立御所実業高等学校
1578,静岡県立天竜高等学校
1579,宮崎第一高等学校
1580,岩手県立一戸高等学校
1581,呉港高等学校
1582,盛岡市立高等学校
1583,誠修高等学校
1584,長崎県立島原南高等学校
1585,大館国際情報学院
1586,岩手県立軽米高等学校
1587,新潟県立十日町総合高等学校
1588,銚子市立銚子西高等学校
1589,宮城県仙台西高等学校
1590,諏訪実業・高遠・辰野・茅野・富士見・上伊那農業
1591,金沢大学附属高等学校
1592,岡谷東・辰野高等学校
1593,福井県立奥越明成高等学校HP
1594,鈴鹿中等教育学校
1595,千葉県立山武農業高等学校
1596,広島県立広高等学校
1597,京都市立京都工学院高等学校
1598,滋賀県立八幡工業高等学校
1599,木曽・木曽山林・木曽青峰高等学校
1600,広島県立松永高等学校
1601,長野県望月高等学校
1602,千葉県立一宮商業高等学校・大原高等学校
1603,関根学園高等学校
1604,埼玉県立草加西高等学校
1605,大阪府立高槻北高等学校
1606,三島学園女子高等学校
1607,海陽中等教育学校
1608,徳島県立小松島西高等学校
1609,兵庫県立尼崎北高等学校
1610,神村学園高等部
1611,茨城県立石下高等学校
1612,鳥取県立日野高等学校
1613,茨城県立神栖高等学校
1614,福島県立田村高等学校
1615,立花学園高等学校
1616,山梨県立吉田商業高等学校
1617,愛知県立武豊高等学校
1618,静清高等学校
1619,更級農業・長野南・中条・松代・屋代南高等学校
1620,茨城県立高萩高等学校
1621,東京女子学園高等学校
1622,富士見・茅野・諏訪実業・岡谷東
1623,創志学園高等学校
1624,大阪府立東淀川高等学校
1625,熊本中央高等学校
1626,品川翔英高等学校
1627,北海道熊石高等学校
1628,福岡県立筑豊高等学校
1629,兵庫県立伊和高等学校
1630,静岡県立気賀高等学校
1631,神奈川県立金井高等学校
1632,愛媛県立東温高等学校
1633,鳥取県立由良育英高等学校
1634,新潟県立新津工業高等学校
1635,長野南・屋代南・長野俊英・中条
1636,利根沼田学校組合立利根商業高等学校
1637,秋田県立十和田高等学校
1638,兵庫県立伊丹西高等学校
1639,栃木県立黒磯高等学校
1640,愛知産業大学工業高等学校
1641,兵庫大学附属須磨ノ浦高等学校
1642,鎮西中学校・高等学校
1643,長野県岡谷南高等学校
1644,智辯学園高等学校
1645,徳島県立鳴門第一高等学校
1646,浜松日体中学校・高等学校
1647,神奈川県立生田東高等学校
1648,三重県立明野高等学校・三重県立伊勢工業高等学校・三重県立度会高等学校
1649,大阪体育大学浪商高等学校
1650,大阪府立阪南高等学校
1651,東九州龍谷高等学校
1652,羅臼町立羅臼中学校・北海道羅臼高等学校
1653,香川県立三本松高等学校
1654,矢掛・矢掛商業高等学校
1655,福岡県立嘉穂工業高等学校
1656,奈良県立広陵高等学校
1657,能代市立能代商業高等学校
1658,愛媛県立宇和島東高等学校
1659,柏市立柏高等学校
1660,京都府立城南菱創高等学校
1661,群馬県立渋川青翠高等学校
1662,船橋市立船橋高等学校
1663,長野県阿南高等学校
1664,公文国際学園中・高等部
1665,日本大学東北工業高等学校
1666,岐阜県立関有知高等学校
1667,京都明徳高等学校
1668,兵庫県立北条高等学校
1669,同志社香里中学校・高等学校
1670,岡崎学園高等学校
1671,愛知県立春日井高等学校
1672,精華女子高等学校
1673,東京都立国分寺高等学校
1674,北海道赤平西高等学校
1675,富山県立富山工業高等学校
1676,鳥取県立鳥取西高等学校
1677,鴎友学園女子高等学校
1678,國學院大學栃木中学校・高等学校
1679,大阪府立美木多高等学校
1680,栃木県立宇都宮南高等学校
1681,愛知県立明和高等学校
1682,鳥取県立米子南高等学校
1683,正智深谷高等学校
1684,洛陽総合高等学校
1685,武南高等学校
1686,長野県小諸高等学校
1687,名古屋市立名東高等学校
1688,奈良県立奈良商業高等学校
1689,東北工業大学電子工業高等学校
1690,関東学園大学附属高等学校
1691,東京都立日野台高等学校
1692,陸上自衛隊少年工科学校
1693,東京都立北園高等学校
1694,鳥取県立鳥取商業高等学校
1695,水沢第一高等学校
1696,東京都立白鷗高等学校
1697,岡山県立総社高等学校
1698,兵庫県立農業高等学校
1699,岩国高等学校広瀬分校・錦中学校
1700,福島県立原町高等学校
1701,長野県穂高商業高等学校
1702,鹿児島県立南種子高等学校
1703,履正社高等学校
1704,同志社香里高等学校
1705,九州女学院高等学校
1706,青森県立五所川原農林高等学校
1707,群馬県立渋川女子高等学校
1708,福島県立磐城桜が丘高等学校
1709,藤村女子高等学校
1710,石川県立加賀高等学校
1711,長野県更級農業高等学校
1712,宮城県飯野川高等学校
1713,初芝高等学校
1714,秀明英光高等学校
1715,関東第一高等学校
1716,愛知県立新城有教館高等学校
1717,埼玉県立鶴ヶ島清風高等学校
1718,熊本県立小国高等学校
1719,東京都立青梅総合高等学校
1720,学校法人松韻学園福島高等学校
1721,東京都立若葉総合高等学校
1722,新潟県立加茂農林高等学校、加茂暁星高等学校
1723,山口県立安下庄高等学校
1724,福島成蹊女子高等学校
1725,鹿児島県立甲南高等学校
1726,長野県長野工業高等学校
1727,昭和学院中学・高等学校
1728,明治学院高等学校
1729,東京都立世田谷総合高等学校
1730,長野県飯田OIDE長姫高等学校
1731,神奈川県立横浜南陵高等学校
1732,広島県立庄原実業高等学校・広島県立三次青陵高等学校
1733,静岡県立浜松湖東高等学校
1734,大阪府立緑風冠高等学校
1735,愛知県立成章高等学校
1736,高輪高等学校
1737,東海大学付属翔洋高等学校
1738,北杜市立甲陵高等学校
1739,私立八代商業高等学校
1740,法政女子高等学校
1741,愛知県立犬山南高等学校
1742,中之条・勢多農林
1743,茨城県立藤代紫水高等学校・牛久高等学校
1744,青稜高等学校
1745,高蔵高等学校
1746,坂上高等学校・岩国高等学校坂上分校
1747,聖カタリナ学園高等学校
1748,宮崎県立高鍋高等学校
1749,神奈川県立二宮等学校
1750,長野県松代高等学校
1751,茨城県立土浦第二高等学校
1752,常磐女子高等学校
1753,岐阜県立船津高等学校
1754,兵庫県立太子高等学校
1755,橿原学院高等学校
1756,和歌山県立田辺高等学校
1757,京都府立山城高等学校
1758,愛知県立五条高等学校
1759,大阪府立高槻南高等学校
1760,埼玉県立春日部東高等学校
1761,大分県立臼杵高等学校
1762,長野県松本蟻ヶ崎高等学校
1763,栃木県立壬生高等学校
1764,宮崎県立高城高等学校
1765,城北高等学校
1766,神奈川県立相原高等学校
1767,永島学園松江西高等学校
1768,埼玉県立朝霞高等学校
1769,秋田県立湯沢商工高等学校
1770,北海道旭川農業高等学校
1771,聖光学院高等学校
1772,つくば国際大学高等学校
1773,長野県伊那北高等学校
1774,聖心ウルスラ学園高等学校聡明中学校
1775,横浜市立金沢高等学校
1776,千葉経済大学附属高等学校
1777,埼玉県立八潮南高等学校
1778,東海大学付属浦安高等学校・中等部
1779,埼玉県立熊谷女子高等学校
1780,徳島県立城ノ内高等学校
1781,大東学園高等学校
1782,明豊中学・高等学校
1783,大阪府立大塚高等学校
1784,新潟県立高田北城高等学校
1785,宮崎第一中学高等学校
1786,三重県立桑名西高等学校
1787,静岡県立浜松商業高等学校
1788,北海道幕別高等学校
1789,岡山県立落合高等学校
1790,広島県立総合技術高等学校
1791,群馬県立新田暁高等学校
1792,秋田県立新屋高等学校
1793,愛媛県立北宇和高等学校
1794,埼玉県立鴻巣女子高等学校
1795,北海道厚岸翔洋高等学校
1796,長崎県立清峰高等学校
1797,東京都立晴海総合高等学校
1798,山口県立田部高等学校
1799,香蘭女学校高等科
1800,国府台女子学院
1801,愛媛県立新居浜商業高等学校
1802,山口県立水産高等学校
1803,城北埼玉中学・高等学校
1804,神奈川県立港北高等学校
1805,福岡県公立古賀高等学校
1806,鹿児島県立大口高等学校
1807,飯塚商業高等学校
1808,千葉県立千葉北高等学校
1809,千葉県立成田国際高等学校
1810,広島県立府中東高等学校
1811,宮城県塩釜高等学校
1812,秋田県立由利工業高等学校
1813,大分県立宇佐高等学校
1814,清明学院高等学校
1815,苫小牧中央高等学校
1816,広島工業大学附属広島高等学校・中学校
1817,飯山北・飯山高等学校
1818,大阪女学院中学・高等学校
1819,神奈川県立小田原城東高等学校
1820,東京都立白鴎高等学校
1821,東京都立第四商業高等学校
1822,北海道上ノ国高等学校
1823,神奈川県立弥栄高等学校
1824,神奈川県立旭高等学校
1825,北海道滝川西高等学校
1826,埼玉県立児玉高等学校
1827,広島県立御調高等学校・尾道市立御調中学校
1828,神奈川県立大船高等学校
1829,石川県立金沢向陽高等学校
1830,愛知県立豊橋南高等学校
1831,広島県立呉工業高等学校
1832,神奈川県立大和西高等学校
1833,神奈川県立新城高等学校
1834,世田谷学園高等学校
1835,沖縄県立西原高等学校
1836,浜松修学舎高等学校
1837,岩手県立葛巻高等学校・伊保内高等学校
1838,福岡県立小倉工業高等学校
1839,三重県立名張青峰高等学校
1840,埼玉県立川口高等学校
1841,福岡県立嘉穂東高等学校
1842,岡山県立備前緑陽高等学校
1843,成徳学園高等学校
1844,島根県立川本高等学校
1845,神奈川県立逗葉高等学校
1846,岐阜県立岐阜三田高等学校
1847,龍桜高等学校
1848,香川県立高松商業高等学校
1849,福島県立福島明成高等学校
1850,秋田県立平成高等学校
1851,愛知県立新川高等学校
1852,東洋大学附属姫路中学校・高等学校
1853,羽衣学園中学校・高等学校
1854,岡山県立倉敷青陵高等学校
1855,埼玉県立熊谷高等学校
1856,沖縄県立真和志高等学校
1857,山形明正高等学校
1858,山村国際高等学校
1859,福岡県立宇美商業高等学校
1860,群馬県立渋川高等学校
1861,静岡県立富岳館高等学校
1862,静岡県立春野高等学校
1863,大森学園高等学校
1864,群馬県立高崎工業高等学校
1865,東京都立多摩高等学校
1866,北海道札幌開成高等学校
1867,日本大学鶴ヶ丘高等学校
1868,北海道上富良野高等学校
1869,周防大島高校・安下庄中学校
1870,山口県立柳井高等学校
1871,京都府立亀岡高等学校
1872,桐陽高等学校
1873,静岡県立掛川東高等学校
1874,鹿児島県立頴娃高等学校・枕崎高等学校
1875,群馬県立榛名高等学校
1876,山口県立徳山北高等学校
1877,大阪府立清友高等学校
1878,別府市立別府商業高等学校
1879,大阪府立八尾東高等学校
1880,埼玉県立本庄北高等学校
1881,羽黒高等学校
1882,兵庫県立淡路三原高等学校
1883,大阪府立千里青雲高等学校
1884,智辯学園和歌山高等学校
1885,富山県立富山いずみ高等学校
1886,山形県立新庄工業高等学校
1887,金光大阪中学校・高等学校
1888,北海道苫小牧東高等学校
1889,神戸大学附属中等教育学校
1890,千葉県立千葉東高等学校
1891,青森県立田名部高等学校大畑校舎
1892,上智福岡中学高等学校
1893,兵庫県立福崎高等学校
1894,鳥取東・鳥取西高等学校
1895,北海道夕張南高等学校
1896,埼玉県立福岡高等学校
1897,岩手県立大迫高等学校
1898,北海道岩見沢緑陵高等学校
1899,米子商業高等学校
1900,福岡県立宗像中学校・高等学校
1901,岡山県立倉敷鷲羽高等学校
1902,和歌山県立串本商業学校
1903,広島県立三原東高等学校
1904,栃木県立真岡農業高等学校
1905,群馬県立高崎北高等学校
1906,島根県立出雲農林高等学校
1907,群馬県立佐波農業高等学校
1908,北海道札幌国際情報高等学校
1909,北海道岩見沢農業高等学校
1910,横浜創英中学・高等学校
1911,北海道清水高等学校
1912,慶應義塾志木高等学校
1913,青森県立弘前中央高等学校
1914,西武台高等学校
1915,埼玉県立進修館高等学校
1916,中野学園オイスカ高等学校
1917,長野県丸子実業高等学校
1918,神奈川県立綾瀬高等学校
1919,山口県立徳山高等学校
1920,山形県立酒田北高等学校
1921,千葉県立鶴舞商業高等学校
1922,秋田県立小坂高等学校
1923,荒尾高等学校・有明高等学校
1924,日出学園中学・高等学校
1925,宮城県仙台東高等学校
1926,北海道美唄高等学校
1927,青森県立黒石商業高等学校
1928,岡山県立岡山城東高等学校
1929,北海道芦別高等学校
1930,鳥取県立米子南商業高等学校
1931,青森県立大畑高等学校
1932,山口県立豊北高等学校
1933,栃木県立足利女子高等学校
1934,愛知県立春日井東高等学校
1935,徳島県立城西高等学校
1936,香川県立高松桜井高等学校
1937,三重県立飯野高等学校
1938,愛媛県立松山商業高等学校
1939,就実高等学校
1940,福岡雙葉中学校・高等学校
1941,福岡県立門司大翔館高等学校
1942,四国学院大学香川西高等学校
1943,石巻市立桜坂高等学校
1944,大阪府立和泉高等学校
1945,富山県立有磯高等学校
1946,千葉県立佐原白楊高等学校
1947,広島県立安芸高等学校
1948,長野県須坂高等学校
1949,熊本県立北稜高等学校
1950,福井県立羽水高等学校
1951,三重県立名張西高等学校・三重県立名張青峰高等学校
1952,三重県立白子高等学校
1953,渋谷教育学園渋谷高等学校
1954,山梨県立石和高等学校
1955,大阪府立芦間高等学校
1956,東海大学付属高輪台高等学校
1957,静岡県立焼津水産高等学校焼津高等学校
1958,西宮市立西宮高等学校
1959,静岡県立森高等学校
1960,福岡県公立古賀竟成館高等学校
1961,長野県大町岳陽高等学校
1962,愛知県立豊田東高等学校
1963,福島県立郡山商業高等学校
1964,島根県立松江東高等学校
1965,神奈川県立津久井高等学校
1966,福岡県立築上中部高等学校
1967,九州学院高等学校
1968,愛媛県立吉田高等学校
1969,八代南・八代清流高等学校
1970,福岡県立北築高等学校
1971,山口県立下松工業高等学校
1972,大阪市立天王寺商業高等学校
1973,香川県立高松西高等学校
1974,大妻嵐山高等学校
1975,山口県立佐波高等学校
1976,茨城県立江戸崎総合高等学校
1977,那珂湊一・茨城東・常北高等学校
1978,近畿大学附属広島高等学校・中学校東広島校
1979,新潟県立新潟江南高等学校
1980,新潟県立糸魚川商工高等学校
1981,奈良大学附属高等学校
1982,埼玉県立杉戸高等学校
1983,慶成高等学校
1984,聖セシリア女子中学校高等学校
1985,長崎県立高島高等学校
1986,石川県立大聖寺実業高等学校
1987,東京都立板橋高等学校
1988,鹿児島県立霧島高等学校
1989,神奈川県立五領ヶ台高等学校
1990,福島県立ふたば未来学園中学校・高等学校
1991,向陽台高等学校
1992,茨城県立境高等学校
1993,福島県立須賀川桐陽高等学校
1994,熊本県立球磨工業高等学校
1995,岐阜県立益田南高等学校
1996,おかやま山陽高等学校
1997,栃木県立那須高等学校
1998,島根県立出雲産業高等学校
1999,尼崎市立尼崎双星高等学校
2000,山梨県立北杜高等学校
2001,東京都立千歳丘高等学校
2002,茨城県立水戸第三高等学校・茨城高等学校
2003,東海大学付属福岡高等学校
2004,山形県立鶴岡商業高等学校
2005,大分県立四日市高等学校
2006,熊本県立上天草高等学校
2007,大宇陀高等学校、吉野高等学校、関西中央高等学校
2008,三重県立神戸高等学校
2009,広島県立忠海高等学校
2010,岐阜県立養老女子商業高等学校
2011,愛知県立瀬戸西高等学校
2012,茨城県立古河第三高等学校
2013,神戸市立須磨高等学校
2014,秋田県立男鹿海洋高等学校
2015,茨城県立水戸第一高等学校
2016,岩手県立遠野緑峰高等学校
2017,目黒学院高等学校
2018,富山県立富山北部高等学校
2019,山口県立南陽工業高等学校
2020,北海道稚内高等学校
2021,鳴門渦潮高等学校
2022,渋谷教育学園幕張高等学校
2023,佐久長聖中学校・高等学校
2024,岐阜県立岐阜商業高等学校
2025,香川県立高松高等学校
2026,埼玉県立川越初雁高等学校
2027,静岡県立富士宮西高等学校
2028,神戸野田高等学校
2029,大阪府立茨木高等学校
2030,静岡県立浜松南高等学校
2031,群馬県立高崎女子高等学校
2032,山口県鴻城高等学校
2033,秋田県立羽後高等学校・雄勝高等学校
2034,兵庫県立洲本実業高等学校
2035,園田学園高等学校
2036,北海道帯広柏葉高等学校
2037,福岡県立北九州高等学校
2038,宮崎県立泉ヶ丘高等学校
2039,埼玉県立所沢東高等学校
2040,九州産業大学付属九州産業高等学校
2041,千葉県立松戸高等学校
2042,石川県立金沢泉丘高等学校
2043,埼玉県立不動岡高等学校
2044,神奈川県立氷取沢高等学校
2045,大阪夕陽丘学園高等学校
2046,神奈川県立横浜平沼高等学校
2047,鹿児島修学館高等学校
2048,広島県立福山工業高等学校
2049,青森県立八戸西高等学校
2050,埼玉県立滑川高等学校
2051,静岡市立清水商業高等学校
2052,函館大学付属女子商業高等学校
2053,秋田県立角館高等学校
2054,滋賀学園中学・高等学校
2055,奈良県立北大和高等学校
2056,早稲田大学高等学院
2057,山口県立周防大島高等学校
2058,岩手県立釜石高等学校
2059,天理高等学校第二部
2060,生光学園高等学校
2061,鹿児島城西高等学校
2062,長崎県立長崎南高等学校
2063,松江市立皆美が丘女子高等学校
2064,千葉県安房西高等学校
2065,新潟県立新発田中央高等学校
2066,長野県松本深志高等学校
2067,神奈川学園高等学校
2068,宮城県仙台第二高等学校
2069,愛知県立国府高等学校
2070,市立札幌清田高等学校
2071,尚絅中学校・高等学校
2072,徳島県立富岡東高等学校
2073,滋賀県立八日市高等学校
2074,秋田県立西仙北高等学校
2075,東京都立大江戸高等学校
2076,千葉県立姉崎高等学校
2077,京都成章高等学校
2078,市立札幌啓北商業高等学校
2079,千葉県立松戸向陽高等学校
2080,明石市立明石商業高等学校
2081,千葉県立船橋芝山高等学校
2082,慶誠高等学校
2083,茨城県立岩井西高等学校
2084,宮城県栗原農業高等学校
2085,長野県野沢北高等学校
2086,千葉県立八千代東高等学校
2087,兵庫県立姫路南高等学校
2088,島根県立江津高等学校
2089,宮城県多賀城高等学校
2090,国士舘高等学校
2091,自由ヶ丘学園高等学校
2092,藤沢商業高等学校
2093,久留米市立久留米商業高等学校
2094,大成女子高等学校
2095,星稜高等学校
2096,早稲田摂陵高等学校
2097,神奈川県立弥栄東・西高等学校
2098,佐賀県立小城高等学校
2099,山口県立岩国工業高等学校
2100,群馬県立大泉高等学校
2101,岡山県立和気閑谷高等学校
2102,福岡第一高等学校
2103,埼玉県立松伏高等学校
2104,倉敷市立児島第一高等学校
2105,岩手県立釜石商工高等学校
2106,島根県立益田工業高等学校
2107,富山県立高岡高等学校
2108,広島市立安佐北中学校・高等学校
2109,東葉高等学校
2110,帝塚山中学校・高等学校
2111,ノースアジア大学明桜高等学校
2112,大阪府立旭高等学校
2113,秋田県立横手城南高等学校
2114,神奈川県立藤沢西高等学校
2115,富士見丘中・高等学校
2116,神奈川県立平塚農業高等学校・神奈川県立平塚商業高等学校
2117,鹿児島県立曽於高等学校
2118,香川県立丸亀商業高等学校
2119,浪花女子高等学校
2120,堺市立商業高等学校
2121,北海道釧路東高等学校
2122,栃木県立黒磯南高等学校
2123,佐野日本大学高等学校
2124,大阪府立金岡高等学校
2125,宮城県古川黎明高等学校
2126,岩手県立盛岡商業高等学校
2127,千葉県立鎌ヶ谷高等学校
2128,高知県立高知丸の内高等学校
2129,秋田県立角館南高等学校
2130,秋田県立米内沢高等学校
2131,千葉学芸高等学校
2132,福岡県立太宰府高等学校
2133,橘学苑中学校・高等学校
2134,東海大学付属浦安高等学校 
2135,愛媛県立川之江高等学校
2136,開明中学校・高等学校
2137,大阪市立咲くやこの花高等学校
2138,宮城県仙台南高等学校
2139,岩手県立久慈商業高等学校
2140,千葉県立松戸馬橋高等学校
2141,愛媛県立土居高等学校
2142,茨城県立土浦湖北高等学校
2143,成田高等学校・同付属中学校
2144,神奈川県立追浜高等学校
2145,宇都宮女子商業高等学校
2146,静岡県立富士高等学校
2147,東京都立科学技術高等学校
2148,前橋育英高等学校
2149,宮城県利府高等学校
2150,岩手県立福岡高等学校
2151,駒澤大学高等学校
2152,埼玉県立岩槻高等学校
2153,北海道士別商業高等学校
2154,早稲田佐賀高等学校
2155,栃木県立足利工業高等学校
2156,学校法人高知中央高等学校
2157,東京都立大泉桜高等学校
2158,松本松南高等学校
2159,大阪府立咲洲高等学校
2160,沖縄県立知念高等学校
2161,出雲西高等学校
2162,京都西山高等学校
2163,神奈川県立横浜修悠館高等学校・陸上自衛隊高等工科学校
2164,徳島県立川島中学校・高等学校
2165,福島県立磐城農業高等学校
2166,福島県立磐城女子高等学校
2167,鹿児島市立鹿児島玉龍高等学校
2168,群馬県立伊勢崎東高等学校
2169,石川県立小松明峰高等学校
2170,神奈川県立鶴見高等学校
2171,大阪府立布施高等学校
2172,秋田県立本荘高等学校
2173,北海道札幌月寒高等学校
2174,共愛学園高等学校
2175,岐阜県立多治見工業高等学校
2176,姫路市立飾磨高等学校
2177,宮城県塩釜女子高等学校
2178,沖縄県立那覇高等学校
2179,福島県立勿来工業高等学校
2180,宮崎県立都農高等学校
2181,福島県立白河旭高等学校
2182,北海道恵庭南高等学校
2183,福岡県立折尾高等学校
2184,大阪市立淀商業高等学校
2185,福島県立会津女子高等学校
2186,宮城県築館高等学校
2187,静岡県立科学技術高等学校
2188,鹿児島県立頴娃高等学校・加世田常潤高等学校
2189,北海道釧路商業高等学校
2190,神奈川県立茅ヶ崎西浜高等学校
2191,秋田県立五城目高等学校
2192,開星中学校・高等学校
2193,大宇陀・榛生昇陽・二階堂・大和広陵・山辺
2194,浦和麗明高等学校
2195,山口県立小野田工業高等学校
2196,暁高等学校
2197,北海道白老東高等学校
2198,享栄高等学校
2199,明治学園中学・高等学校
2200,長野県塩尻志学館高等学校
2201,千葉県立沼南高等学校
2202,北海道札幌琴似工業高等学校
2203,登別大谷高等学校
2204,岐阜県立岐阜各務野高等学校
2205,西日本短期大学附属高等学校
2206,滋賀県立甲賀高等学校
2207,福井県立鯖江高等学校
2208,福島県立小高工業高等学校
2209,鹿児島県立志布志高等学校
2210,福岡県立小倉西高等学校
2211,長野県松本県ヶ丘高等学校
2212,福島県立富岡・双葉翔陽・相馬農業・小高工業・小高商業
2213,米子北高等学校
2214,茨城県立竜ヶ崎第二高等学校・藤代紫水高等学校
2215,千代田区立九段中等教育学校
2216,日本大学豊山高等学校
2217,静岡県立浜松西高等学校
2218,西之表市高校合同吹奏楽団
2219,広島県立御調高等学校
2220,東海大学付属諏訪高等学校
2221,大阪市立高等学校
2222,北海道留辺蘂高等学校
2223,兵庫県立龍野実業高等学校
2224,東京都立美原高等学校
2225,西大和学園中学校・高等学校
2226,和歌山県立田辺工業高等学校
2227,島根県立大社高等学校
2228,千葉県立千葉女子高等学校
2229,北海道美唄工業高等学校
2230,新潟県立長岡大手高等学校
2231,兵庫県立龍野北高等学校
2232,栄東中学・高等学校
2233,日本文理大学附属高等学校
2234,香川短期大学附属女子高等学校
2235,聖望学園高等学校
2236,愛知県立一宮商業高等学校
2237,奈良県立西の京高等学校
2238,宮城県角田女子高等学校
2239,神奈川県立小田原総合ビジネス高等学校
2240,神奈川県立大秦野高等学校
2241,関西高等学校
2242,文京学院大学女子高等学校
2243,自由ヶ丘高等学校
2244,秋田県立男鹿高等学校
2245,細田学園中学校・高等学校
2246,京都府立城陽高等学校
2247,埼玉県立浦和北高等学校
2248,徳島県立鳴門高等学校
2249,福島県立小名浜高等学校
2250,大阪府立羽曳野高等学校
2251,愛知県立幸田高等学校
2252,神奈川県立大原高等学校
2253,静岡県立静岡南高等学校
2254,長野県下諏訪向陽高等学校
2255,長野県辰野高等学校
2256,神奈川県立秦野総合高等学校
2257,石巻市立女子高等学校
2258,鹿児島情報高等学校
2259,熊本県立第二高等学校
2260,公文国際学園高等学校
2261,新潟県立新井高等学校
2262,青森山田中学・高等学校
2263,富山県立桜井高等学校
2264,九州国際大学付属中学校・高等学校
2265,新潟県立柏崎高等学校
2266,沼津中央高等学校
2267,熊本県立球磨商業高等学校
2268,彦根総合高等学校
2269,愛媛県立松山工業高等学校
2270,大阪市立大阪ビジネスフロンティア・東商業・天王寺商業・市岡商業高等学校
2271,福井県立福井高等学校
2272,秋田経済法科大学附属高等学校
2273,埼玉県立大宮南高等学校
2274,神奈川県立伊志田高等学校
2275,三重県立四日市南高等学校
2276,北海道木古内・松前・南茅部高等学校
2277,岐阜県立斐太実業高等学校
2278,大阪府立西寝屋川高等学校
2279,郁文館高等学校
2280,岐阜県立郡上北高等学校
2281,東京立正高等学校
2282,埼玉県立行田進修館高等学校
2283,山口県立下関中央工業高等学校
2284,飯田女子高等学校
2285,滋賀県立玉川高等学校
2286,東京都立八王子拓真高等学校
2287,大阪府立美原高等学校
2288,福岡県立宗像高等学校
2289,滋賀学園高等学校
2290,福島県立小高産業技術高校
2291,愛知啓成高等学校
2292,旭川大学
2293,山形県立山形東高等学校
2294,鳥取県立八頭高等学校
2295,鹿児島県立野田女子高等学校
2296,愛知県立東海商業高等学校
2297,東京都立久留米西高等学校
2298,新発田中央高等学校
2299,岡山県立倉敷古城池高等学校
2300,北海道釧路江南高等学校
2301,兵庫県立加古川南高等学校
2302,淑徳巣鴨高等学校
2303,山口県立小野田高等学校
2304,千葉県立柏中央高等学校
2305,岡山県高梁日新高等学校
2306,八戸学院光星高等学校
2307,熊本県立東稜高等学校
2308,北陸高等学校
2309,浦和実業学園高等学校
2310,愛知県立常滑高等学校
2311,沖縄県立読谷高等学校
2312,茨城県立江戸崎西・霞ヶ浦高等学校
2313,高知県立丸の内高等学校
2314,指宿市立指宿商業高等学校
2315,熊本県立芦北高等学校
2316,東京都立練馬高等学校
2317,長野県北佐久農業高等学校
2318,早稲田大学系属早稲田実業学校高等部
2319,栃木県立大田原高等学校
2320,作新学院高等学校
2321,岐阜県立岐陽高等学校
2322,福岡県立筑前高等学校
2323,神奈川県立大清水高等学校
2324,栃木県立真岡高等学校
2325,群馬県立沼田高等学校
2326,千葉県立千葉南高等学校
2327,好文学園女子高等学校
2328,山梨県立韮崎高等学校
2329,福岡舞鶴高等学校・福岡舞鶴誠和中学校
2330,兵庫県立篠山東雲高等学校
2331,兵庫県立八鹿高等学校
2332,久留米市立南筑高等学校
2333,三重県立桑名北高等学校
2334,広島文教大学附属高等学校
2335,三田松聖高等学校
2336,京都共栄学園高等学校
2337,金沢龍谷高等学校
2338,福岡県立鞍手高等学校
2339,千葉県立茂原農業高等学校
2340,兵庫県立川西緑台高等学校
2341,箕面自由学園高等学校
2342,長野俊英・長野工業・屋代南高等学校
2343,大阪市立扇町・此花総合・咲くやこの花高等学校
2344,北海道遠別農業高等学校
2345,茨城県立石下紫峰高等学校
2346,秋田県立能代工業高等学校
2347,埼玉県立所沢西高等学校
2348,福岡県立福岡中央高等学校
2349,神奈川県立横浜明朋高等学校
2350,米子工業・境港総合・日野高等学校
2351,北海道上磯高等学校
2352,兵庫県立生野高等学校
2353,栃木県立さくら清修高等学校
2354,仙台商業高等学校
2355,清心女子高等学校
2356,仙台大学附属明成高等学校
2357,和歌山県立串本古座高等学校
2358,愛知県立半田商業高等学校
2359,静岡県立吉原工業高等学校
2360,熊本県立南稜高等学校
2361,大妻嵐山中学校・高等学校
2362,大阪府立大和川・大阪府教育センター附属高等学校
2363,鹿屋市立鹿屋女子高等学校
2364,岐阜県立加納高等学校
2365,北海道静内高等学校
2366,東京都立深川高等学校
2367,岩手県立大船渡工業高等学校
2368,群馬県立下仁田高等学校
2369,岩手県立住田高等学校
2370,千葉県立大原高等学校
2371,福岡県立伝習館高等学校
2372,長崎県立長崎工業高等学校
2373,鹿児島県立曽於・末吉・財部高等学校
2374,湘南学園中・高等学校
2375,横浜創学館高等学校
2376,鹿児島県立鹿屋高等学校
2377,聖パウロ学園高等学校
2378,山口県立防府商業高等学校
2379,宣真高等学校
2380,朊優学院高等学校
2381,京都府立莵道高等学校
2382,北海道足寄高等学校
2383,静岡県立沼津城北高等学校
2384,群馬県立前橋女子高等学校
2385,三重県立名張高等学校
2386,岩手中学校・高等学校
2387,足立学園高等学校
2388,大阪市立大阪ビジネスフロンティア高等学校
2389,兵庫県立小野工業高等学校
2390,千葉県立野田北高等学校
2391,広島国際学院高等学校
2392,島根県立松江北高等学校
2393,愛知女子商業学園高等学校
2394,青嶺・美祢青嶺高等学校・美祢高等学校
2395,富山県立富山東高等学校
2396,広島県立安芸府中高等学校
2397,千葉県立野田中央高等学校
2398,愛知県立豊川工科高等学校
2399,北海道留辺蘂・訓子府・女満別高等学校合同バンド
2400,福岡県立春日高等学校
2401,大阪府立大手前高等学校
2402,静岡英和女学院中学校・高等学校
2403,古川商業高等学校
2404,横浜女学院中学校・高等学校
2405,長野県南安曇農業高等学校
2406,石川県立田鶴浜高等学校
2407,東北学院榴ケ岡高等学校
2408,静岡市立清水桜が丘高等学校
2409,愛知県立海翔高等学校
2410,東陵高等学校
2411,小海・望月・北佐久農業高等学校
2412,沼津市立沼津高等学校
2413,京都府立南陽高等学校
2414,千葉県立我孫子東高等学校
2415,市立函館高等学校
2416,熊本県立翔陽高等学校
2417,滋賀県立石部高等学校
2418,熊本国府高等学校
2419,島根県立出雲高等学校
2420,茨城県立勝田工業高等学校・佐和高等学校
2421,海星高等学校・三重県立四日市商業高等学校
2422,島根県立松江商業高等学校
2423,小松市立高等学校
2424,北海道網走南ケ丘高等学校
2425,岡山県立倉敷南高等学校
2426,群馬県立太田東高等学校
2427,静岡県立韮山高等学校
2428,比治山女子中学・高等学校
2429,帝京長岡中学校・高等学校
2430,福岡県立修猷館高等学校
2431,静岡県立三ヶ日高等学校
2432,神奈川県立大和南高等学校
2433,大宮開成中学・高等学校
2434,福井県立丹南高等学校
2435,長野県長野吉田高等学校
2436,岐阜県立海津高等学校
2437,埼玉県立川口東高等学校
2438,北海道石狩高等学校
2439,愛媛県立松山中央高等学校
2440,秋田県立秋田南高等学校
2441,文化女子大学附属長野高等学校
2442,千葉県立流山北高等学校
2443,鹿児島県立喜界高等学校
2444,京都府立西乙訓高等学校
2445,建国中・高等学校
2446,長野県小海高等学校
2447,高知県立安芸中学校・高等学校
2448,奈良県立北大和・奈良北高等学校
2449,熊本県立熊本農業高等学校
2450,広島県庄原高等学校
2451,宮城県米谷工業高等学校
2452,神奈川県立綾瀬西高等学校
2453,平安女学院中学校・高等学校
2454,博多女子高等学校
2455,北海道えりも高等学校・えりも町立えりも中学校
2456,神奈川県立西湘高等学校
2457,大阪府立北千里高等学校
2458,福岡県立筑紫中央高等学校
2459,北海道滝川工業高等学校
2460,山口県立徳山商工高等学校
2461,岐阜県立可児高等学校
2462,東京都立東大和南高等学校
2463,鹿児島県立岩川高等学校
2464,愛知県立横須賀高等学校
2465,大阪府立池島高等学校
2466,茨城県立牛久高等学校
2467,山梨県立富士河口湖高等学校
2468,長崎県立北松南高等学校
2469,熊本県立小国高等学校・小国支援学校
2470,滋賀県立安曇川高等学校
2471,愛知県立昭和高等学校
2472,福島県立福島北高等学校
2473,酪農学園大学附属とわの森三愛高等学校
2474,宮城県石巻西高等学校
2475,茨城県立下妻第一高等学校
2476,宮城県仙台向山高等学校
2477,岩手県立盛岡第二高等学校
2478,愛知県立緑丘高等学校
2479,埼玉県立越谷南高等学校
2480,宇都宮学園高等学校
2481,サレジオ学院中学校・高等学校
2482,富山県立水橋高等学校
2483,愛知県立小牧高等学校
2484,茨城県立土浦第三高等学校
2485,松本国際高等学校
2486,香川県立丸亀城西高等学校
2487,奈良県立高取国際高等学校
2488,神奈川県立松陽高等学校
2489,兵庫県立兵庫高等学校
2490,市原中央高等学校
2491,小林西高等学校
2492,島根県立出雲工業高等学校
2493,青森県立青森商業高等学校
2494,長野県松本筑摩高等学校
2495,栃木県立高根沢高等学校
2496,広島県立神辺高等学校
2497,群馬県立館林高等学校・関東学園大学附属高等学校
2498,千葉県立国分高等学校
2499,北海道文教大学付属高等学校
2500,日本橋女学館高等学校
2501,神奈川県立鎌倉高等学校
2502,東北電力学園
2503,佐賀女子短期大学付属佐賀女子高等学校
2504,兵庫県立姫路西高等学校
2505,奈良県立平城高等学校
2506,神奈川県立磯子高等学校
2507,埼玉県立菖蒲高等学校
2508,千葉県立京葉工業高等学校
2509,熊本県立天草工業高等学校
2510,金光大阪高等学校
2511,日本大学明誠高等学校
2512,武蔵越生高等学校
2513,新潟県立西新発田高等学校
2514,北海道紋別北高等学校
2515,東京都立日本橋高等学校
2516,高崎商科大学附属高等学校
2517,西武台千葉高等学校
2518,愛知県立一色・安城南高等学校
2519,青森県立七戸高等学校
2520,銚子市立銚子高等学校
2521,福岡県立浮羽究真館高等学校
2522,佐賀県立鳥栖高等学校・香楠中学校
2523,青嶺高等学校・美祢高等学校
2524,秋田市立高等学校
2525,大阪府立三国丘高等学校
2526,四ッ葉学園高等学校
2527,兵庫県立豊岡総合高等学校
2528,山形県立長井高等学校
2529,宮城県南郷高等学校
2530,国立音楽大学附属高等学校普通科
2531,岡山県立岡山朝日高等学校
2532,東海大学山形高等学校
2533,埼玉県立熊谷工業高等学校
2534,山梨県立富士北稜高等学校
2535,盛岡白百合学園高等学校
2536,向上高等学校
2537,一関学院高等学校
2538,奈良県立西和清陵高等学校
2539,新潟県立白根高等学校
2540,浜松修学舎中学校・高等学校
2541,奈良学園登美ヶ丘高等学校
2542,大阪府立東住吉総合高等学校
2543,茨城県立北茨城高等学校
2544,香川県立観音寺中央高等学校
2545,岡山県立勝山高等学校
2546,静岡県立磐田北高等学校
2547,東京学館浦安高等学校 
2548,神奈川県立横須賀明光高等学校
2549,奈良県立信貴ケ丘高等学校
2550,千葉県立松戸六実高等学校・県立松戸国際高等学校
2551,神奈川県立秦野曽屋高等学校
2552,東京高等学校
2553,神戸市立神戸工業高等学校・神戸市立科学技術高等学校
2554,新潟県立川西高等学校
2555,鹿児島県立鶴丸高等学校
2556,大淀・二階堂・大和広陵・山辺高等学校
2557,浪速高等学校関西大学連携浪速中学校
2558,東京農業大学第二高等学校
2559,埼玉県立浦和第一女子高等学校
2560,大宇陀、榛生昇陽、大和広陵、山辺（合同）
2561,長野県長野南高等学校
2562,千葉県立我孫子高等学校
2563,香川県立香川中央高等学校
2564,米子工業高等専門学校
2565,愛知県立愛知工業高等学校
2566,神奈川県立中央農業高等学校
2567,相愛中学・高等学校
2568,岩手県立雫石高等学校
2569,愛媛県立野村高等学校・西予市立野村中学校
2570,岡山県立東岡山工業高等学校
2571,宮崎県立都城西高等学校
2572,岡山理科大学附属高等学校
2573,福島県立川俣高等学校
2574,福島東稜高等学校
2575,向陽高等学校
2576,日本体育大学柏高等学校
2577,広島県立吉田高等学校
2578,沖縄県立嘉手納高等学校
2579,山口県立萩高等学校
2580,名古屋市立名東高校
2581,北海道斜里高等学校・清里高等学校
2582,香川県立木田高等学校
2583,群馬県立伊勢崎商業高等学校
2584,千葉県立磯辺高等学校
2585,名古屋市立若宮商業高等学校
2586,八王子学園八王子高等学校
2587,青森県立青森中央高等学校
2588,木更津総合高等学校 
2589,和歌山県立和歌山工業高等学校
2590,岡山県立笠岡高等学校
2591,尽誠学園高等学校
2592,埼玉県立常盤高等学校
2593,山形県立鶴岡工業高等学校
2594,栃木県立足利高等学校
2595,北海道当別高等学校
2596,福島県立喜多方高等学校
2597,鵬翔高等学校・鵬翔中学校
2598,滋賀県立堅田高等学校
2599,山形県立酒田商業高等学校
2600,栃木県立宇都宮商業高等学校
2601,広島県瀬戸内高等学校
2602,新潟県立加茂高等学校
2603,新潟県立新発田南高等学校
2604,和洋国府台女子高等学校
2605,大分県立中津北高等学校
2606,東京都立小山台高等学校
2607,福岡県立三池工業高等学校
2608,浪速工業高等学校
2609,慶應義塾湘南藤沢中等部・高等部
2610,山梨県立甲府城西高等学校
2611,山形県立山形工業高等学校
2612,日本大学藤沢高等学校
2613,三重県立稲生高等学校
2614,愛知県立一宮興道高等学校
2615,兵庫県立姫路飾西高等学校
2616,佐賀県立佐賀工業高等学校
2617,和歌山県立貴志川高等学校
2618,北海道岩見沢東高等学校
2619,出雲北陵高等学校
2620,本郷高等学校
2621,熊本県立済々黌高等学校
2622,福岡県立八幡中央高等学校
2623,名古屋市立菊里高等学校
2624,洗足学園中学高等学校
2625,志学館高等学校
2626,山梨県立市川高等学校・山梨県立青洲高等学校
2627,大谷中学校・高等学校
2628,兵庫県立鳴尾高等学校
2629,岐阜県立長良高等学校
2630,福岡県立門司高等学校
2631,仙台城南高等学校
2632,日本大学習志野高等学校
2633,三重県立名張桔梗丘高等学校
2634,臼田・軽井沢・望月
2635,京都府立網野・久美浜・丹後緑風高等学校
2636,熊本県立鹿本商工高等学校
2637,佐賀県立唐津西高等学校
2638,北海道石狩翔陽高等学校
2639,新潟産業大学附属高等学校
2640,蒲田女子高等学校
2641,ピーエル学園高等学校
2642,東京都市大学塩尻高等学校
2643,群馬県立前橋南高等学校
2644,宮城県築館女子高等学校
2645,福島県立平工業高等学校
2646,岐阜県立郡上高等学校
2647,福島県立あさか開成高等学校
2648,東京成徳大学高等学校
2649,日本福祉大学付属高等学校
2650,東海大学付属熊本星翔高等学校
2651,出雲西・松江西高等学校
2652,北海道室蘭工業高等学校
2653,兵庫県立星陵高等学校
2654,花咲徳栄高等学校
2655,東京都立上水高等学校
2656,神奈川県立深沢高等学校
2657,名古屋市立桜台高等学校
2658,青森県立十和田工業高等学校
2659,福井県立藤島高等学校
2660,日本航空高等学校石川
2661,長野県屋代高等学校
2662,福島県立小高高等学校
2663,青山学院高等部
2664,大阪府立渋谷高等学校
2665,茨城県立竹園高等学校
2666,中央大学杉並高等学校
2667,大阪市立住吉産業高等学校
2668,中京大学附属中京高等学校
2669,青森県立野辺地高等学校
2670,志學館中等部・高等部
2671,静岡県立沼津東高等学校
2672,愛知県立豊橋西高等学校
2673,神奈川県立生田高等学校
2674,広島県立安芸南高等学校
2675,北海道栗山高等学校
2676,松本松南・創造学園大学附属高等学校
2677,北海道浜頓別高等学校
2678,宮城県亘理高等学校
2679,鹿児島県立明桜館高等学校
2680,一関修紅高等学校
2681,東京実業高等学校
2682,東京都立板橋有徳高等学校
2683,中央大学附属高等学校
2684,北海道砂川高等学校
2685,茨城県立常北高等学校
2686,鹿児島県立伊集院高等学校
2687,大阪府立懐風館・西浦・羽曳野高等学校
2688,宇部フロンティア大学付属香川高等学校
2689,茨城県立石岡第一高等学校
2690,岩手県立金ケ崎高等学校
2691,長崎県立鹿町工業高等学校
2692,同志社国際高等学校
2693,群馬県立桐生工業高等学校
2694,奈良県立高円芸術高等学校
2695,大阪府立山本高等学校
2696,青森県立深浦高等学校
2697,兵庫県立小野高等学校
2698,横浜市立横浜商業高等学校
2699,新潟県立長岡農業高等学校
2700,常磐高等学校
2701,山手学院中・高等学校
2702,埼玉県立大宮東高等学校・埼玉県立大宮工業高等学校
2703,高知県立宿毛工業高等学校
2704,龍谷中学校・高等学校
2705,神奈川県立茅ヶ崎高等学校
2706,北海道留辺蘂・訓子府高等学校合同バンド
2707,児島・倉敷鷲羽高等学校
2708,香川県立飯山高等学校
2709,大阪成蹊女子高等学校
2710,広島桜が丘高等学校
2711,香川誠陵高等学校善通寺教場
2712,札幌経済高等学校
2713,滋賀県立長浜北星高等学校
2714,北陸学院高等学校
2715,長崎県立長崎東高等学校
2716,京都府立鴨沂高等学校
2717,旭川竜谷高等学校
2718,千葉県立旭農業高等学校
2719,千葉県立四街道北高等学校
2720,富山県立南砺福光高等学校
2721,和歌山県立和歌山高等学校
2722,滝川高等学校
2723,京都府立北稜高等学校
2724,兵庫県立三木東高等学校
2725,神奈川県立港南台高等学校
2726,愛知県立碧南高等学校
2727,石川県立七尾高等学校
2728,鹿児島県立薩南工業高等学校
2729,平塚学園高等学校
2730,埼玉県立新座総合技術高等学校
2731,宮城県仙台第三高等学校
2732,秋田県立大館鳳鳴高等学校
2733,三重県立鳥羽高等学校
2734,東京都立桜修館中等教育学校
2735,宮城県本吉響高等学校
2736,静岡県立三島高等学校
2737,兵庫県立浜坂高等学校
2738,千葉県立千城台高等学校
2739,城南静岡高等学校
2740,桜丘中学校・高等学校
2741,神奈川県立神田高等学校・五領ヶ台高等学校
2742,香川県立高瀬高等学校・高瀬のぞみが丘中学校
2743,岐阜県立飛騨高山高等学校
2744,帯広北高等学校
2745,大阪市立東商業高等学校
2746,岡山県立岡山芳泉高等学校
2747,札幌大谷高等学校
2748,札幌創成高等学校
2749,棄権
2750,大阪府立西野田工業高等学校
2751,原田学園鹿児島情報高等学校
2752,東京都立大森高等学校
2753,沖縄県立美里工業高等学校
2754,岩手県立藤沢高等学校
2755,北部、長野市立皐月・長野高等学校
2756,福岡県立稲築志耕館高等学校
2757,広島市立安佐北高等学校・広島市立広島中等教育学校
2758,兵庫県立有馬高等学校
2759,千葉県立白井高等学校
2760,神奈川県立商工高等学校
2761,神奈川県立麻生総合高等学校
2762,東京都立王子総合高等学校
2763,岡崎城西高等学校
2764,札幌日本大学高等学校
2765,巣鴨学園
2766,北海道釧路明輝高等学校
2767,那珂湊二・勝田工・友部高等学校
2768,静岡女子高等学校
2769,福井県立福井農林高等学校
2770,岡山県立新見高等学校
2771,北海道名寄高等学校
2772,東京都立杉並総合高等学校
2773,秋田県立大曲農業高等学校
2774,長崎県立宇久高等学校・佐世保市立宇久中学校
2775,新潟県立小出高等学校
2776,福島県立会津高等学校
2777,山口県立豊北高等学校・下関北高等学校
2778,秋田県立大曲工業高等学校
2779,和歌山県立日高高等学校中津分校
2780,岐阜県立飛騨神岡高等学校
2781,愛知県立知多東・知多翔洋高等学校
2782,北海道清里高等学校
2783,愛知県立豊田高等学校
2784,鹿児島県立徳之島・新設徳之島高等学校
2785,東京都立八王子東高等学校
2786,和歌山県立耐久高等学校
2787,高知東高校
2788,桐光学園中学・高等学校
2789,福岡県立東鷹高等学校
2790,広島県立呉三津田高等学校
2791,神奈川県立有馬高等学校
2792,兵庫県立相生高等学校
2793,純心中学校・純心女子高等学校
2794,茂原北陵高等学校
2795,熊本県立八代南高等学校
2796,奈良県立大宇陀高等学校・榛生昇陽高等学校
2797,鹿児島県立垂水高等学校
2798,千葉県立安房高等学校
2799,岡山県立岡山南高等学校
2800,仁川学院中学・高等学校
2801,明治大学付属中野高等学校
2802,沖縄県立コザ高等学校
2803,伊勢崎市立伊勢崎高等学校・県立伊勢崎東高等学校
2804,高知県立宿毛高等学校
2805,新潟市立高志高等学校
2806,東海大学付属浦安高等学校
2807,神奈川県立高浜高等学校
2808,京都市立西京高等学校
2809,東京都立足立新田高等学校
2810,東洋大学附属姫路高等学校
2811,高岡第一高等学校
2812,出水中央高等学校
2813,徳島県立池田高等学校
2814,仙台育英学園高等学校
2815,秋田県立能代北高等学校
2816,埼玉県立越谷東高等学校
2817,秋田県立増田高等学校
2818,福岡県立福岡高等学校
2819,立教池袋高等学校
2820,仁川学院高等学校
2821,千葉県立市川昴高等学校
2822,宮城県志津川高等学校
2823,柳井学園高等学校
2824,長野南高等学校・長野西高等学校中条校
2825,淀之水学院中・高等学校
2826,矢坂中央高等学校
2827,福島県立浪江高等学校
2828,東洋高等学校
2829,光泉カトリック高等学校
2830,大月短期大学附属高等学校
2831,大阪府立山田高等学校
2832,秋田県立雄勝高等学校
2833,北海道下川商業高等学校
2834,光明学園相模原高等学校
2835,滋賀県立伊香高等学校
2836,静岡工業高等学校・静清工業高等学校・静岡女子高等学校
2837,高槻中学校・高等学校
2838,兵庫県立北摂三田高等学校
2839,札幌静修高等学校
2840,大阪府立市岡高等学校
2841,山口県立安下庄高等学校・周防大島高等学校
2842,千葉県立匝瑳高等学校
2843,久米島高等学校・久米島西中学校 
2844,高梁工業・高梁城南高等学校
2845,酒田光陵高等学校
2846,境港工業・米子工業・米子高等学校合同
2847,神奈川県立岡津高等学校
2848,山形県立東桜学館高等学校
2849,水戸葵陵高等学校
2850,北海道本別高等学校
2851,鹿児島県立鹿児島東高等学校
2852,三重県立久居農林高等学校
2853,東京都立北野高等学校
2854,北海道帯広工業高等学校
2855,三重県立上野商業高等学校
2856,愛知県立常滑北高等学校
2857,智辯学園和歌山中・高等学校
2858,栃木県立栃木商業高等学校
2859,大阪市立市岡商業高等学校
2860,長野県木曽山林高等学校
2861,佐賀県立佐賀東高等学校
2862,愛媛県立松山南高等学校
2863,滝川第二高等学校
2864,高水高等学校
2865,愛知県立豊丘高等学校
2866,京都府立宮津・加悦谷・宮津天橋高等学校
2867,北海道網走桂陽高等学校
2868,神奈川県立津久井浜高等学校
2869,尼崎市立尼崎東高等学校
2870,秋田県立六郷高等学校
2871,秋田県立湯沢高等学校
2872,新庄東高等学校
2873,敬徳高等学校
2874,横浜市立戸塚高等学校
2875,愛媛県立伯方高等学校・愛媛県立弓削高等学校
2876,茨城県立友部高等学校・勝田工業高等学校
2877,京都成安高等学校
2878,岩手県立宮古高等学校
2879,新潟県立長岡向陵高等学校
2880,岩手県立盛岡工業高等学校
2881,山形県立米沢工業高等学校
2882,東京都立松原高等学校定時制課程
2883,長崎県立北松西高等学校
2884,神奈川県立柏陽高等学校
2885,熊本県立八代東高等学校
2886,兵庫県立姫路工業高等学校
2887,三重県立名張西高等学校
2888,大阪府立富田林高等学校
2889,静岡県立浜松湖南高等学校
2890,埼玉県立桶川西高等学校
2891,北海道札幌北陵高等学校
2892,湘南学院高等学校
2893,麻布大学附属高等学校
2894,愛媛県立新居浜南高等学校
2895,帝京安積高等学校
2896,東山中学・高等学校
2897,光星学院高等学校
2898,札幌山の手高等学校
2899,流通経済大学付属柏高等学校 
2900,八雲学園高等学校
2901,奈良県立斑鳩高等学校・法隆寺国際高等学校
2902,長崎県立佐世保西高等学校
2903,埼玉栄中学・高等学校
2904,岩手県立大原商業高等学校
2905,香川県立坂出商業高等学校
2906,滋賀県立河瀬高等学校
2907,広島県立神辺旭高等学校
2908,広島県立尾道工業高等学校
2909,熊本県立大津産業高等学校
2910,茨城県立水戸桜ノ牧高等学校
2911,奈良県立城内高等学校
2912,日立工業専修学校
2913,佐賀県立伊万里商業・伊万里実業高等学校
2914,東京都立拝島高等学校
2915,倉敷翠松高等学校
2916,奈良県立志貴高等学校
2917,北中城高等学校・石川高等学校 
2918,大阪府立北摂つばさ・茨木東高等学校
2919,神奈川県立川崎北高等学校
2920,福岡県立福島高等学校
2921,神奈川県立上溝南高等学校
2922,浦和市立高等学校
2923,北海道稚内商業高等学校
2924,山口県立萩工業高等学校
2925,新潟県立長岡工業高等学校
2926,霧島市立国分中央高等学校
2927,長崎県立中五島高等学校
2928,学習院高等科
2929,和歌山県立日高高等学校
2930,山口県立新南陽高等学校
2931,東邦高等学校
2932,浜松聖星高等学校
2933,近大広島高校・中　東広島校
2934,山形県立北村山高等学校
2935,金沢市立工業高等学校
2936,愛知工業大学名電高等学校
2937,江の川高等学校
2938,宮崎県立都城農業高等学校
2939,柏木学園高等学校
2940,浜松開誠館中学校・高等学校
2941,愛知県立日進西高等学校
2942,東京都立南葛飾高等学校
2943,富山県立大沢野工業高等学校
2944,崇徳高等学校
2945,神奈川県立厚木北高等学校
2946,群馬県立中之条高等学校・県立勢多農林高等学校
2947,加茂暁星高等学校
2948,早鞆高等学校
2949,宮城県岩ケ崎高等学校
2950,岡山県立玉野光南高等学校
2951,佐賀県立有田工業高等学校
2952,北海道旭川凌雲高等学校
2953,愛知県立東浦・半田工業高等学校
2954,防府商業高等学校・防府商工高等学校
2955,北海道名寄光凌・恵陵高等学校
2956,神奈川県立横須賀高等学校
2957,北海道木古内高等学校
2958,岡谷東・諏訪実業茅野・富士見
2959,茨城県立取手第一高等学校
2960,久留米信愛中学校・高等学校
2961,埼玉県立寄居城北高等学校
2962,埼玉県立三郷北高等学校
2963,長野県茅野高等学校・富士見高等学校
2964,鳥取城北高等学校
2965,埼玉県立草加南高等学校
2966,大阪高等学校
2967,新潟県立三条東高等学校
2968,昌平中学・高等学校
2969,石川県立七尾東雲高等学校
2970,大阪市立西高等学校
2971,熊本県立牛深高等学校
2972,東京都立福生高等学校
2973,神奈川県立霧が丘高等学校
2974,東京都立戸山高等学校
2975,岡山県立津山高等学校
2976,富山県立富山西高等学校
2977,東京都立府中西高等学校
2978,済美高等学校
2979,神村学園中等部・高等部
2980,東京都立大島高等学校水産科
2981,洗足学園大学附属中学校・高等学校
2982,福岡県立福翔高等学校
2983,岩手県立一関第二高等学校
2984,三重県立桑名高等学校
2985,横須賀市立商業高等学校
2986,長野県長野俊英高等学校・坂城高等学校
2987,兵庫県立神崎高等学校
2988,名古屋市立緑高等学校
2989,秀岳館高等学校
2990,京都府立福知山高等学校
2991,兵庫県立上郡高等学校
2992,兵庫県立明石西高等学校
2993,和歌山県立向陽高等学校
2994,宮崎県立宮崎工業高等学校
2995,北海道札幌新川高等学校
2996,愛知県立長久手高等学校
2997,成蹊高等学校
2998,水城高等学校
2999,大分県立玖珠美山高等学校
3000,神奈川県立保土ヶ谷高等学校
3001,北海道北見柏陽高等学校
3002,神奈川県立岩戸高等学校
3003,拓殖大学紅陵高等学校
3004,静岡県立横須賀高等学校
3005,埼玉県立幸手高等学校
3006,埼玉県立深谷高等学校
3007,愛知県立豊橋東高等学校
3008,神戸市立須磨翔風高等学校
3009,八戸工業大学第二高等学校
3010,西武台千葉中学校・高等学校
3011,長崎県立大村高等学校
3012,神奈川県立秦野高等学校
3013,石川県立能都北辰高等学校
3014,福岡県立大牟田北高等学校
3015,長崎県立盲学校
3016,石川県立飯田高等学校
3017,玉川学園高等部
3018,埼玉県立狭山経済高等学校
3019,大館桂桜高等学校
3020,東京都立深沢高等学校
3021,愛媛県立今治工業高等学校
3022,浜松啓陽高等学校
3023,函館ラ・サール中学校・高等学校
3024,須坂創成・須坂東
3025,鹿児島県立曽於高等学校・末吉高等学校
3026,神奈川県立小田原城内高等学校
3027,福岡県立八女高等学校
3028,大阪府立大冠高等学校
3029,九州工業高等学校
3030,帝京大学可児高等学校
3031,近畿大学附属広島高等学校・中学校福山校
3032,静岡県立磐田農業高等学校
3033,群馬県立伊勢崎女子高等学校
3034,長野日本大学高等学校
3035,沖縄県立宮古総合実業高等学校
3036,阿久比・半田工業高等学校
3037,佐賀県立杵島商業高等学校
3038,東京学館高等学校
3039,山口県立徳山工業高等学校
3040,栃木県立佐野松桜高等学校
3041,大阪市立此花総合高等学校
3042,愛知県立御津高等学校
3043,京都府立北桑田高等学校
3044,群馬県立前橋東商業高等学校
3045,茨城県立松丘高等学校
3046,埼玉県立松山高等学校
3047,愛知県立西尾高等学校
3048,岩倉高等学校
3049,青山高等学校
3050,兵庫県立出石高等学校
3051,滋賀県立国際情報高等学校
3052,北海道美幌高等学校
3053,島根県立飯南高等学校
3054,横浜商科大学高等学校
3055,東海大学付属大阪仰星高等学校
3056,神奈川県立横浜立野高等学校
3057,岐阜県立東濃高等学校
3058,滋賀県立水口高等学校
3059,鳥取県立倉吉西高等学校
3060,大阪府立大正高等学校
3061,新潟県立長岡商業高等学校
3062,大阪教育大学附属高等学校平野校舎
3063,富山女子短期大学附属高等学校
3064,東京都立調布北高等学校
3065,岐阜県立岩村高等学校
3066,宮城県米山高等学校
3067,神奈川県立愛川高等学校
3068,新潟県立柏崎工業高等学校
3069,東京都立芦花高等学校
3070,茨城県立那珂湊高等学校・茨城東高等学校
3071,青森県立青森北高等学校
3072,愛知県立熱田高等学校
3073,福井工業高等専門学校
3074,熊本県立玉名高等学校
3075,和歌山県立有田中央高等学校
3076,群馬県立高崎商業高等学校
3077,青森県立岩木高等学校
3078,近畿大学附属福山高等学校・中学校
3079,東京都立葛飾総合高等学校
3080,岩手県立大槌高等学校
3081,和歌山県立南部高等学校
3082,名古屋市立向陽高等学校
3083,千葉県立船橋北高等学校
3084,大阪府立八尾高等学校
3085,東京都立武蔵丘高等学校
3086,京都橘中学校・高等学校
3087,愛知県立南陽高等学校
3088,大宇陀高等学校・奈良女子高等学校
3089,石川県立輪島高等学校
3090,神戸市立赤塚山高等学校
3091,茨城県立潮来高等学校・波崎柳川高等学校
3092,東山高等学校
3093,埼玉県立浦和商業高等学校
3094,広島県立賀茂北高等学校
3095,東洋大学京北高等学校
3096,福島県立郡山東高等学校
3097,静岡県立下田高等学校
3098,東邦大学付属東邦中学校・高等学校
3099,鹿本商工・城北高等学校
3100,広島県立廿日市西高等学校
3101,新潟県立黒埼高等学校
3102,埼玉県立草加高等学校
3103,長野市立皐月・長野高等学校
3104,滋賀県立大津高等学校
3105,島根県立益田産業・益田翔陽高等学校
3106,徳島県立鳴門渦潮高等学校
3107,大垣南高等学校
3108,徳島県立徳島科学技術専門高等学校
3109,北海道苫小牧工業高等学校
3110,福島県立棚倉高等学校
3111,青森県立青森高等学校
3112,大同工業大学大同高等学校
3113,三重県立志摩高等学校
3114,神奈川県立新羽高等学校
3115,群馬県立万場高等学校
3116,埼玉県立狭山清陵高等学校
3117,中部大学春日丘高等学校
3118,秋田県立大館商業高等学校
3119,成城高等学校
3120,茨城県立藤代紫水高等学校・筑波高等学校
3121,大阪府立登美丘高等学校
3122,土佐中学校・高等学校
3123,早稲田実業高等学校
3124,三重県立亀山高等学校
3125,秋田県立秋田中央高等学校
3126,大阪府立東寝屋川高等学校
3127,北海道札幌啓成高等学校
3128,栃木県立鹿沼南高等学校
3129,滋賀県立石山高等学校・瀬田工業高等学校
3130,群馬県立桐生西高等学校
3131,東海大学付属静岡翔洋高等学校
3132,山形県立村山農業高等学校
3133,北海道江別高等学校
3134,山口県立岩国総合高等学校
3135,神奈川朝鮮中高級学校
3136,山梨県立巨摩高等学校
3137,陸上自衛隊高等工科学校
3138,三重県立飯南高等学校
3139,伊那西高等学校
3140,仙台市立仙台青陵中等教育学校
3141,山形県立新庄南高等学校
3142,茨城県立鹿島高等学校
3143,大阪府立平野高等学校
3144,広島県立日彰館高等学校・上下高等学校
3145,横浜富士見丘学園中等教育学校
3146,武庫川女子大学附属中学校・高等学校
3147,茨城県立三和高等学校
3148,佐賀県立塩田工業高等学校
3149,神奈川県立光陵高等学校
3150,立川女子高等学校
3151,山梨県立甲府第一高等学校
3152,香川県立高松北高等学校
3153,島根県立松江工業高等学校
3154,岡谷工業・岡谷東高等学校
3155,広島県立広島工業高等学校
3156,倉吉産業・工業・総合産業高校
3157,千葉県立千葉西高等学校
3158,埼玉県立所沢高等学校
3159,横浜学院女子高等学校
3160,青森県立五戸高等学校
3161,三島高等学校
3162,愛知県立西春高等学校
3163,新潟県立新発田・新発田南・新発田農業高等学校
3164,高知県立安芸高等学校
3165,愛知県立岡崎東高等学校
3166,米子松蔭高等学校
3167,長崎市立長崎商業高等学校
3168,建国高等学校
3169,青森県立むつ工業高等学校
3170,岐阜県立恵那南高等学校
3171,松山聖陵高等学校
3172,神戸市立神港高等学校・神港橘高等学校
3173,新潟県立両津高等学校
3174,奈良県立橿原高等学校
3175,広島大学附属高等学校
3176,北海道旭川西高等学校
3177,山梨県立甲府昭和高等学校
3178,岡山商科大学附属高等学校
3179,高知県立高知南中学校・高等学校
3180,埼玉県立南稜高等学校
3181,広島工業大学高等学校
3182,九州国際大学付属高等学校
3183,北海道士別高等学校・北海道士別翔雲高等学校
3184,三重県立伊勢工業・志摩高等学校
3185,東海大五
3186,奈良県立高円高等学校
3187,福岡県立香椎高等学校
3188,埼玉県立入間高等学校
3189,宮城県蔵王高等学校
3190,広島県立広島商業高等学校
3191,延岡学園高等学校
3192,茨城県立下妻第二高等学校
3193,月見ヶ丘高等学校
3194,大分県立大分上野丘高等学校
3195,佐賀県立佐賀商業高等学校
3196,宮城県石巻高等学校
3197,帝京高等学校
3198,大阪府立大和川高等学校
3199,福岡県立博多青松高等学校
3200,鳥取県立倉吉産業高等学校
3201,大阪府立東住吉高等学校
3202,埼玉県立川越総合高等学校
3203,鹿児島県立大島北高等学校
3204,東京都立東高等学校
3205,三重県立木本高等学校
3206,東海中学校・高等学校
3207,石川県立津幡高等学校
3208,法政大学高等学校
3209,奈良県立高田高等学校
3210,三重県立四日市西高等学校
3211,埼玉県立越谷東・県立草加西高等学校合同
3212,佐賀清和高等学校
3213,福岡県立戸畑中央高等学校
3214,愛知県立安城農林高等学校
3215,鹿児島県立市来農芸・串木野高等学校
3216,広尾学園高等学校
3217,三重県立松阪高等学校
3218,宮城県宮城野高等学校
3219,岩手県立宮古水産高等学校
3220,三重県立伊勢高等学校
3221,鹿児島県立薩摩中央高等学校
3222,群馬県立伊勢崎高等学校
3223,昇陽中学校・高等学校
3224,昭和学院高等学校
3225,香里ヌヴェール学院中学校・高等学校
3226,新潟県立西川竹園高等学校
3227,北海道名寄恵陵高等学校
3228,横浜富士見学園中等教育高等学校
3229,新潟県立新潟北・新津南高等学校 
3230,東京都立松が谷高等学校
3231,埼玉平成高等学校
3232,鳥取県立倉吉西高等学校・鳥取中央育英高等学校
3233,北海道伊達緑丘高等学校
3234,神戸市立六甲アイランド高等学校
3235,金光第一高等学校
3236,星野高等学校
3237,新潟県立五泉高等学校
3238,福島成蹊高等学校
3239,東京家政大学附属女子高等学校
3240,北海道小樽潮陵高等学校
3241,國學院大學久我山高等学校
3242,多摩大学附属聖ヶ丘高等学校
3243,兵庫県立西宮甲山高等学校
3244,岩手県立平舘高等学校
3245,山形県立鶴岡西高等学校
3246,山形県立高畠高等学校
3247,茨城県立つくば工科高等学校・茎崎高等学校
3248,埼玉県立吹上高等学校
3249,岐阜県立岐阜藍川高等学校・山県高等学校
3250,千葉明徳中学校・高等学校
3251,島根県立益田農林高等学校
3252,埼玉県立蕨高等学校
3253,北海道小清水高等学校
3254,広島県立広島皆実高等学校
3255,盈進学園東野高等学校
3256,富山県立福野高等学校
3257,愛媛県立小松高等学校・愛媛県立西条農業高等学校
3258,静岡県立裾野高等学校
3259,神奈川県立大師高等学校
3260,高知県立高知小津高等学校
3261,北海道常呂高等学校
3262,北海道北広島西高等学校
3263,姫路市立姫路高等学校
3264,秋田県立秋田高等学校
3265,愛媛県立今治北高等学校
3266,鹿児島県立種子島・新設種子島高等学校
3267,高松第一高等学校
3268,京都府立鳥羽高等学校
3269,富山県立小杉高等学校
3270,広島県立海田高等学校
3271,長野南・長野俊英・屋代南高等学校
3272,宮崎県立小林高等学校
3273,北海道厚岸潮見高等学校
3274,静岡県立川根高等学校
3275,愛知県立鶴城丘高等学校
3276,埼玉県立浦和高等学校
3277,千葉県立成田北高等学校
3278,大阪府立大東高等学校
3279,兵庫県立氷上高等学校
3280,長崎県立西陵高等学校
3281,神戸市立須磨高等学校・須磨翔風高等学校
3282,大阪市立扇町総合高等学校
3283,栃木県立小山南高等学校
3284,愛媛県立八幡浜高等学校
3285,福岡県立柏陵高等学校
3286,中央大学高等学校
3287,富山県立南砺福野高等学校
3288,宮城県仙台第一高等学校
3289,大阪府立枚岡樟風高等学校
3290,青森県立柏木農業高等学校
3291,弘学館中学校・高等学校
3292,和歌山県立串本高等学校
3293,星琳高等学校
3294,山形県立鶴岡中央高等学校
3295,大阪府立岸和田高等学校
3296,静岡県立清水東高等学校
3297,千葉県立松戸秋山高等学校
3298,香川県明善高等学校
3299,龍谷大学付属平安高等学校
3300,愛知県立名古屋南高等学校
3301,熊本県立河浦高等学校
3302,埼玉県立浦和北・県立大宮南高等学校
3303,臼田・望月・北佐久農業
3304,茨城県立取手第二高等学校
3305,兵庫県立三木高等学校
3306,岐阜県立中津川工業高等学校
3307,れいめい高等学校
3308,兵庫県立東灘高等学校
3309,香川県立観音寺第一高等学校
3310,神奈川県立伊勢原高等学校
3311,西武台新座中学校・西武台高等学校
3312,岐阜県立各務原高等学校
3313,佐賀県立牛津高等学校
3314,大分県立高田高等学校
3315,沖縄県立北山高等学校
3316,東京都立小平南高等学校
3317,女子聖学院高等学校
3318,北海道北広島高等学校
3319,本庄東高等学校
3320,川越市立川越高等学校
3321,三重県立四日市高等学校
3322,東海大望洋
3323,兵庫県立明石高等学校
3324,習志野市立習志野高等学校 
3325,福島県立相馬東高等学校
3326,北海道札幌丘珠高等学校
3327,北海道士別翔雲高等学校
3328,大阪府立東百舌高等学校
3329,岡谷東・岡谷工業・辰野高等学校合同
3330,福岡大学付属大濠高等学校
3331,弘前学院聖愛高等学校
3332,山口県立熊毛南高等学校
3333,新潟県立久比岐高等学校
3334,福岡工業大学附属城東高等学校
3335,富山県立南砺総合高等学校福光高等学校
3336,津田ウィンドシンフォニー（津田中学校・津田高校合同）
3337,福島県立いわき総合高等学校
3338,山形県立酒田光陵高等学校
3339,宮崎県立日向高等学校
3340,新潟県立新潟向陽高等学校
3341,市立札幌開成中等教育学校
3342,富山県立高岡東高等学校
3343,大阪福島女子高等学校
3344,愛媛県立野村高等学校
3345,筑紫女学園高等学校
3346,愛知県立一宮北高等学校
3347,山口県立光丘高等学校
3348,兵庫県立明石南高等学校
3349,高知県立中村中学校・中村高等学校
3350,大阪府立門真高等学校
3351,埼玉県立幸手商業高等学校
3352,名古屋市立名古屋商業高等学校
3353,豊田大谷高等学校
3354,静岡県立松崎高等学校
3355,宮崎県立延岡商業高等学校
3356,高崎市立高崎経済大学附属高等学校
3357,奈良県立商業高等学校
3358,豊橋中央高等学校
3359,岡山県立西大寺高等学校
3360,滋賀県立愛知高等学校
3361,群馬県立藤岡中央高等学校・群馬県立藤岡女子高等学校
3362,東京保善高等学校
3363,北海道釧路北陽高等学校
3364,沖縄県立首里東高等学校
3365,静岡県立掛川西高等学校
3366,大阪府立四条畷高等学校
3367,東京都立多摩科学技術高等学校
3368,松商学園高等学校
3369,神奈川県立麻溝台高等学校
3370,沖縄県立美来工科高等学校
3371,兵庫県立須磨友が丘高等学校
3372,東大阪市立日新高等学校
3373,新見・新見北高等学校
3374,北海道深川西高等学校
3375,大阪府立寝屋川高等学校
3376,奈良県立桜井高等学校
3377,福岡県立筑紫丘高等学校
3378,熊本県立水俣高等学校
3379,秀明大学八千代中学・高等学校
3380,滋賀県立八日市南高等学校
3381,東京都立南多摩高等学校
3382,山口県立熊毛北高等学校
3383,鎌倉学園中学校・高等学校
3384,北海道網走南ヶ丘高等学校
3385,岩手県立盛岡第一高等学校
3386,北海道釧路湖陵高等学校
3387,埼玉県立本庄高等学校
3388,愛知県立安城高等学校
3389,山口県立長府高等学校
3390,兵庫県立川西明峰高等学校
3391,上野学園高等学校
3392,千葉県立市川工業高等学校
3393,大阪府立福井高等学校
3394,長崎県立川棚高等学校
3395,富山県立福岡高等学校
3396,北海道芦別啓南高等学校
3397,佐賀県立嬉野商業高等学校
3398,栃木県立栃木翔南高等学校
3399,大阪府立泉尾高等学校
3400,奈良県立大宇陀・榛生昇陽大和広陵高等学校合同
3401,福島県立白河実業高等学校
3402,静岡県立小笠高等学校
3403,栃木県立宇都宮工業高等学校
3404,秋田県立沼館高等学校
3405,千葉県立流山おおたかの森高等学校
3406,石川県立金沢二水高等学校
3407,北海道札幌平岡高等学校
3408,福島県立清陵情報高等学校
3409,北海道上磯・函館水産高等学校
3410,長崎県立島原工業高等学校
3411,福島県立会津工業高等学校
3412,開星高等学校
3413,秋田市立御所野学院中学校・高等学校
3414,東京都立工業高等専門学校
3415,軽井沢・上田千曲・小諸商業
3416,北海道芦別総合技術高等学校
3417,静岡県立焼津中央高等学校
3418,成進高等学校
3419,藤枝明誠高等学校
3420,富山県立高岡商業高等学校
3421,二松学舎大学附属沼南高等学校
3422,聖和学園高等学校
3423,埼玉県立深谷商業高等学校
3424,春日丘高等学校
3425,岩手県立花北青雲高等学校
3426,旭川龍谷高等学校
3427,愛知県立岡崎北高等学校
3428,明治大学付属明治高等学校
3429,呉市立呉高等学校・清水ヶ丘高等学校
3430,豊南高等学校
3431,茨城県立水戸商業高等学校
3432,埼玉県立鷲宮高等学校
3433,永島学園出雲西高等学校
3434,沖縄県立美里高等学校
3435,千葉県立上総高等学校
3436,長崎女子商業高等学校
3437,青森県立八戸工業高等学校
3438,宮崎県立宮崎農業高等学校
3439,滋賀県立草津高等学校
3440,比叡山高等学校
3441,埼玉県立浦和西高等学校
3442,兵庫県立三田西陵高等学校
3443,秋田県立横手清陵学院中学校・高等学校
3444,秋田県立平鹿高等学校
3445,鹿児島県立加世田常潤・薩南工業・頴娃高等学校
3446,北部・長野工業高等学校
3447,群馬県立藤岡女子高等学校
3448,京都府立洛東高等学校
3449,石川県立小松高等学校
3450,関西大学第一高等学校
3451,佐賀県立神埼高等学校
3452,東京学館船橋高等学校
3453,長崎県立長崎鶴洋高等学校
3454,埼玉県立川越東高等学校
3455,千葉敬愛高等学校 
3456,兵庫県立尼崎稲園高等学校
3457,静岡県立掛川工業高等学校
3458,愛知県立知多翔洋高等学校
3459,聖ウルスラ学院英智中学・高等学校
3460,大阪府立貝塚南高等学校
3461,川越東高等学校
3462,栃木県立栃木高等学校
3463,山梨県立峡北高等学校
3464,福岡県立田川高等学校
3465,東京都立竹台高等学校
3466,島根県立益田高等学校
3467,大阪市立住吉商業高等学校
3468,土庄
3469,神奈川県立逗子高等学校
3470,福岡市立博多工業高等学校
3471,愛知県立岩倉総合高等学校
3472,潤徳女子高等学校
3473,福岡県立香住丘高等学校
3474,兵庫県立加古川北高等学校
3475,埼玉県立鶴ヶ島高等学校
3476,佼成学園高等学校
3477,長崎県立宇久高等学校
3478,桐生第一高等学校
3479,神奈川県立菅高等学校
3480,宮崎県立延岡工業高等学校
3481,広島県立呉商業高等学校
3482,島根県立三刀屋高等学校
3483,兵庫県立三原高等学校
3484,埼玉県立与野高等学校
3485,福岡舞鶴高等学校・附属中学校
3486,和歌山県立向陽中・高等学校
3487,沖縄県立球陽高等学校
3488,愛媛県立三島高等学校
3489,長野県丸子修学館高等学校
3490,東京都立飛鳥高等学校
3491,新潟県立直江津高等学校
3492,国府台女子学院中学・高等部
3493,岐阜県立斐太高等学校
3494,和歌山県立星林高等学校
3495,長野県蘇南高等学校
3496,兵庫県立相生産業高等学校
3497,埼玉県立川越工業高等学校
3498,鹿児島県立薩南工業高等学校・吹上高等学校・加世田常潤高等学校
3499,京都聖母学院中学校・高等学校
3500,広島県立音戸高等学校・広島県立大柿高等学校
3501,三重県立川越高等学校
3502,神奈川県立橋本高等学校
3503,佐賀県立鹿島高等学校
3504,東京家政学院高等学校
3505,埼玉県立新座柳瀬高等学校
3506,実践女子学園高等学校
3507,明誠学院高等学校
3508,日生学園第一高等学校
3509,鹿児島女子大学附属高等学校
3510,海星高等学校・三重県立四日市四郷高等学校
3511,北海道釧路北高等学校
3512,真颯館高等学校
3513,大阪府立柏原東高等学校
3514,立命館高等学校
3515,岩国高等学校坂上分校
3516,長崎県立壱岐高等学校
3517,広島県立賀茂高等学校
3518,愛知県立衣台高等学校
3519,福島県立須賀川高等学校
3520,千葉県立印旛高等学校
3521,沖縄県立宮古高等学校
3522,さいたま市立浦和南高等学校
3523,岩手県立大船渡農業高等学校
3524,広島県立安古市高等学校
3525,大阪府立成美高等学校
3526,静岡県立袋井商業高等学校
3527,徳島県立城東高等学校
3528,大阪朝鮮中高級学校
3529,熊本県立八代清流高等学校
3530,神奈川県立舞岡高等学校
3531,奈良県立桜井商業高等学校
3532,綾羽高等学校
3533,大阪府立天王寺高等学校
3534,千葉県立国府台高等学校
3535,千葉県立佐倉高等学校
3536,神戸市立葺合高等学校
3537,茨城県立日立第二高等学校
3538,山口県立下松高等学校
3539,大阪府立刀根山高等学校
3540,栃木県立真岡女子高等学校
3541,栃木県立那須拓陽高等学校
3542,北海道雄武高等学校
3543,兵庫県立神戸高塚高等学校
3544,佐賀県立佐賀北高等学校
3545,埼玉第一高等学校
3546,東京都立小松川高等学校
3547,愛知県立起工業高等学校
3548,北海道八雲高等学校
3549,北海道奥尻高等学校
3550,宮城県古川工業高等学校
3551,宮崎県立宮崎北高等学校
3552,宮城県迫桜高等学校
3553,明豊高等学校
3554,天草拓心高等学校
3555,仙台市立仙台工業高等学校
3556,福島県立猪苗代高等学校
3557,北海道札幌南高等学校
3558,北海道苫小牧南高等学校
3559,鵠沼高等学校
3560,愛知高等学校
3561,福岡県立嘉穂高等学校
3562,静岡県立焼津水産高等学校
3563,静岡県立浜松湖北高等学校
3564,岩手県立胆沢高等学校
3565,日本工業大学駒場高等学校
3566,長野県富士見高等学校
3567,岡山学芸館高等学校
3568,岡山県立高梁高等学校
3569,北海道訓子府高等学校
3570,東海大学付属甲府高等学校
3571,山口県立大津高等学校
3572,東京都立江東商業高等学校
3573,栃木県立真岡北陵高等学校
3574,宮城県泉高等学校
3575,川崎市立川崎総合科学高等学校
3576,聖学院高等学校
3577,長崎南山高等学校
3578,山口県立広瀬高等学校
3579,長野県飯田風越高等学校
3580,出水市立出水商業高等学校
3581,栄北高等学校
3582,熊本県立水俣工業高等学校
3583,島根県立矢上高等学校
3584,大阪府立守口北高等学校
3585,東京都立千早高等学校
3586,郡山女子大学附属高等学校
3587,福島県立相馬農業高等学校
3588,宮崎県立宮崎商業高等学校
3589,岐阜県立益田清風高等学校
3590,徳島県立小松島高等学校
3591,山形県立天童高等学校
3592,奈良県立添上高等学校
3593,東京都立小平西高等学校
3594,石川県立金沢辰巳丘高等学校
3595,千葉県立館山総合高等学校
3596,富岡西高等学校
3597,北海道士別高等学校
3598,金沢学院大学附属高等学校
3599,岡山県立新見北高等学校
3600,三島
3601,奈良県立法隆寺国際高等学校
3602,埼玉県立鳩ヶ谷高等学校
3603,山形県立新庄北高等学校
3604,川崎市立橘高等学校
3605,茨城県立高萩清松高等学校
3606,山口県立田布施農工高等学校
3607,クラーク記念国際高等学校奈良キャンパス
3608,大阪信愛女学院中・高等学校
3609,詫間電波工業高等学校
3610,高知県立嶺北高等学校
3611,埼玉県立川越女子高等学校
3612,香川県立小豆島高等学校
3613,長崎県立長崎北高等学校
3614,宝仙学園高等学校
3615,育英高等学校
3616,山口県立豊浦高等学校
3617,千葉県立茂原高等学校
3618,滋賀県立伊吹高等学校
3619,宮崎県立佐土原高等学校宮崎県立宮崎工業高等学校
3620,山口県立奈古高等学校
3621,大阪府立佐野高等学校
3622,坂城・更級農業・長野南・中条・上田千曲・屋代南
3623,修道中・高等学校
3624,北見藤女子高等学校
3625,岐阜県立中濃高等学校
3626,大阪府立東百舌鳥高等学校
3627,熊本県立阿蘇中央高等学校
3628,福岡県立京都高等学校
3629,大妻中野中学校・高等学校
3630,埼玉県立川口総合高等学校
3631,益田永島学園明誠高等学校
3632,兵庫県立兵庫工業高等学校
3633,福岡県立小郡高等学校
3634,茨城県立那珂湊第一高等学校
3635,神奈川県立相模原高等学校
3636,誠恵高等学校・飛龍高等学校
3637,岡山龍谷高等学校
3638,宮城県登米総合産業高等学校
3639,山口県立厚狭高等学校
3640,群馬女子短期大学附属高等学校
3641,北海道砂川北高等学校
3642,常葉大学附属菊川中・高等学校
3643,昭和薬科大学附属高等学校
3644,岐阜県立東濃高等学校・岐阜県立可児工業高等学校
3645,熊本県立人吉高等学校
3646,山形県立村山産業高等学校
3647,習志野市立習志野高等学校
3648,福岡県立朝倉東高等学校
3649,千葉県立下総農業高等学校
3650,安城学園高等学校
3651,福岡県立玄界高等学校
3652,安田学園高等学校
3653,鎮西高等学校
3654,鹿児島県立阿久根高等学校
3655,長野県中条・坂城・更級農業・上田千曲・屋代南・長野南高等学校
3656,長崎県立長崎西高等学校
3657,日本文理高等学校
3658,江戸川学園取手高等学校
3659,北海道旭川東高等学校
3660,高知商業高等学校
3661,福岡県立筑上西高等学校
3662,秋田県立湯沢北高等学校
3663,大阪府立交野高等学校
3664,土浦日本大学高等学校
3665,兵庫県立芦屋南高等学校
3666,宮崎県立日南振徳高等学校
3667,秋田県立大館桂桜高等学校
3668,函館大学付属函館有斗高等学校
3669,岩手県立岩谷堂高等学校
3670,京都府立東稜高等学校
3671,熊本県立大津高等学校
3672,関西福祉科学大学高等学校
3673,愛知県立豊明高等学校
3674,徳島県立脇町高等学校
3675,埼玉県立秩父高等学校
3676,福岡県立戸畑高等学校
3677,滝高等学校
3678,愛知県立古知野高等学校
3679,新潟県立新潟県央工業高等学校
3680,大阪府立吹田高等学校
3681,長崎県立諫早高等学校
3682,山梨県立都留高等学校
3683,吉祥女子高等学校
3684,清教学園高等学校
3685,札幌第一高等学校
3686,北海道枝幸高等学校
3687,埼玉県立幸手桜高等学校
3688,北海道旭川東栄高等学校
3689,長野県臼田高等学校
3690,愛知県立豊田北高等学校
3691,滋賀県立彦根工業高等学校
3692,北海道標津高等学校
3693,山形県立庄内総合高等学校
3694,京都府立東舞鶴高等学校
3695,大阪府立堺西高等学校
3696,大分県立佐伯鶴城高等学校
3697,八戸聖ウルスラ学院高等学校
3698,横浜市立南高等学校
3699,兵庫県立津名高等学校
3700,北海道芽室高等学校
3701,東京都立昭和高等学校
3702,滋賀県立彦根東高等学校
3703,大阪府立住吉高等学校
3704,静岡県立島田工業高等学校
3705,新潟県立糸魚川高等学校
3706,長崎県立波佐見高等学校
3707,近畿大学附属福岡高等学校
3708,長崎日本大学中学・高等学校
3709,柳ヶ浦高等学校
3710,名古屋大学教育学部附属中・高等学校
3711,北海道知内高等学校
3712,二松学舎大学附属柏中学校・高等学校
3713,大同大学大同高等学校
3714,北海道北見工業高等学校
3715,奈良県立広陵高等学校・大和広陵高等学校
3716,開智中学・高等学校
3717,北海道美幌農業高等学校
3718,興国高等学校
3719,静岡市立商業高等学校
3720,高崎経済大学附属高等学校
3721,栃木県立小山西高等学校
3722,相模女子大学高等部
3723,北海道帯広緑陽高等学校
3724,函館大学付属有斗高等学校
3725,長崎南山中学校・高等学校
3726,茨城県立小瀬高等学校
3727,東京都立東村山高等学校
3728,長野清泉女学院中学・高等学校
3729,東京都立大学附属工業高等学校
3730,文化学園大学杉並高等学校
3731,千葉県立市川南高等学校
3732,鹿児島県立野田女子・出水商業高等学校
3733,島根県立益田産業高等学校
3734,甲子園学院中学校・高等学校
3735,福岡県立福岡講倫館高等学校
3736,横芝敬愛高等学校
3737,大商学園高等学校
3738,佐賀学園高等学校
3739,山形県立楯岡高等学校
3740,愛知県立阿久比高等学校
3741,宮崎県立門川高等学校
3742,日本大学豊山女子高等学校
3743,高知県立中央高等学校
3744,跡見学園高等学校
3745,宮崎県立佐土原高等学校
3746,知徳高等学校
3747,園田学園中学校・高等学校
3748,宮崎県立延岡西高等学校
3749,明徳高等学校
3750,徳島県立城北高等学校
3751,滋賀県立栗東高等学校
3752,日本大学東北高等学校
3753,中野立志館・中野実業高等学校
3754,埼玉県立川口北高等学校
3755,広島朝鮮初中高級学校
3756,文華女子高等学校
3757,埼玉県立新座高等学校
3758,鹿児島県立出水高等学校
3759,宮崎県立都城商業高等学校
3760,奈良育英中学校・高等学校
3761,北海道美唄尚栄高等学校
3762,桐蔭学園高等学校
3763,大阪府立池島・みどり清朋・清友高等学校
3764,八王子高等学校
3765,長野県坂城高等学校
3766,神戸常盤女子高等学校
3767,静岡雙葉中学校・高等学校
3768,鹿児島市立鹿児島玉龍中学校・高等学校
3769,北海道小樽商業高等学校
3770,大阪府立枚方なぎさ高等学校
3771,東京都立保谷高等学校
3772,福島県立郡山女子高等学校
3773,愛媛県立大洲農業高等学校
3774,兵庫県立姫路東高等学校
3775,浜松学院高等学校
3776,京都府立桃山高等学校
3777,熊本商科大学付属高等学校
3778,愛知産業大学三河高等学校
3779,千葉県立柏西高等学校
3780,千葉経済大学附属高等学校 
3781,宮城県古川高等学校
3782,岐阜県立大垣工業高等学校
3783,青森県立大間高等学校・青森県立むつ工業高等学校
3784,広島大学附属福山中学校・高等学校
3785,茨城県立藤代紫水高等学校
3786,愛知県立半田東高等学校
3787,岐阜県立本巣松陽高等学校
3788,岡山大安寺高等学校・岡山大安寺中等教育学校
3789,千葉県立銚子高等学校
3790,高知県立四万十高等学校・四万十町立大正中学校
3791,香川県立笠田高等学校
3792,宮城県河南高等学校
3793,岩手県立東和高等学校
3794,静岡県立静岡商業高等学校
3795,岩手県立大東高等学校
3796,長野県諏訪清陵高等学校
3797,熊本県立玉名工業高等学校
3798,私立宮崎第一高等学校
3799,沖縄県立糸満高等学校
3800,奈良県立大宇陀高等学校・榛生昇陽高等学校・山辺高等学校、奈良女子高等学校
3801,石川県立工業高等学校
3802,岐阜県立高山高等学校
3803,愛知県立美和高等学校
3804,栃木県立小山高等学校
3805,福島県立安積黎明高等学校
3806,岐阜県立斐太農林高等学校
3807,学校法人石川高等学校
3808,石川県立穴水高等学校
3809,山梨県立甲府工業高等学校
3810,高岡向陵高等学校
3811,順天高等学校
3812,岩手県立水沢工業高等学校
3813,愛媛県立西条高等学校
3814,福島県立富岡・双葉翔陽・小高商業高等学校
3815,新潟青陵高等学校・新潟市立高志高等学校
3816,埼玉県立大宮東高等学校
3817,熊本信愛女学院高等学校
3818,岡山県立玉島商業高等学校
3819,兵庫県立姫路商業高等学校
3820,高知市立高知商業高等学校
3821,埼玉県立羽生第一高等学校
3822,福岡県立東筑高等学校
3823,尼崎市立尼崎高等学校
3824,松徳学院中学校・高等学校
3825,早稲田佐賀中学校・高等学校
3826,沖縄県立宜野座高等学校
3827,愛知県立一色高等学校
3828,茨城県立筑波高等学校
3829,神奈川県立久里浜高等学校
3830,茨城県立八千代高等学校
3831,東京都立田園調布高等学校
3832,静岡県立大井川高等学校
3833,長崎県立口加高等学校
3834,岩見沢農業高等学校・駒澤大学附属岩見沢高等学校
3835,北海道倶知安農業高等学校
3836,花巻東高等学校
3837,静岡県立沼津西高等学校
3838,常翔学園中学高等学校
3839,兵庫県立鈴蘭台高等学校・神戸鈴蘭台高等学校
3840,福島県立磐城高等学校
3841,奈良県立磯城野高等学校（北和校舎）
3842,静岡県立御殿場高等学校
3843,静岡県立伊東商業高等学校
3844,北海道紋別高等学校
3845,広島県立尾道北高等学校
3846,石川県立松任高等学校
3847,東京都立調布南高等学校
3848,東海大一
3849,名古屋市立西陵高等学校
3850,愛知県立刈谷高等学校
3851,帝京第三高等学校
3852,山口県立久賀高等学校
3853,浜松学院中学校・高等学校
3854,啓新高等学校
3855,高知学芸高等学校
3856,高知県立小津高等学校
3857,日南学園中学校・高等学校
3858,大分県立大分舞鶴高等学校
3859,愛知県立新城高等学校
3860,三重県立石薬師高等学校
3861,広島県立福山葦陽高等学校
3862,埼玉県立誠和福祉高等学校
3863,神奈川県立横浜緑ヶ丘高等学校
3864,神奈川県立小田原城北工業高等学校
3865,山形県立左沢高等学校
3866,石見智翠館高等学校
3867,北海道江差高等学校
3868,佐久長聖高等学校
3869,東京府立科学工業学校
3870,愛知県立東浦高等学校
3871,茨城県立下館第二高等学校
3872,山形県立山形南高等学校
3873,愛知県立知立東高等学校
3874,東北生活文化大学高等学校
3875,臼田・北佐久農業・軽井沢・小海・望月高等学校
3876,聖徳大学附属取手聖徳女子中学校・高等学校
3877,静岡県立富士宮北高等学校
3878,共立女子第二高等学校
3879,長野県坂城高等学校・長野県軽井沢高等学校・長野県北佐久農業高等学校
3880,徳島県立新野高等学校
3881,和歌山県立神島高等学校
3882,三重県立朝明・四日市工業高等学校
3883,千葉県立白里高等学校
3884,矢板中央高等学校
3885,愛知県立春日井商業高等学校
3886,岩手県立花巻農業高等学校
3887,福岡県立八幡南高等学校
3888,沖縄県立八重山高等学校
3889,広島県立呉宮原高等学校
3890,和歌山県立和歌山商業高等学校
3891,群馬県立安中総合学園高等学校
3892,青森県立青森東高等学校
3893,東海大学付属市原望洋高等学校
3894,中越高等学校
3895,愛知県立杏和高等学校
3896,山口県立大津緑洋高等学校
3897,北海道大野農業・上磯・函館水産・森高等学校
3898,大分県立大分鶴崎高等学校
3899,青森県立六ヶ所高等学校
3900,石川県立富来高等学校・高浜高等学校
3901,東海大学付属望洋高等学校
3902,広島県立佐伯高等学校
3903,脇町高等学校
3904,石川県立小松実業高等学校
3905,大阪府立槻の木高等学校
3906,岡山県立井原高等学校
3907,新潟県立三条高等学校
3908,岩手県立盛岡第四高等学校
3909,川崎市立幸高等学校
3910,長崎県立大崎高等学校
3911,北海道札幌稲西高等学校
3912,秋田県立秋田西高等学校
3913,京都外大西高等学校
3914,大分県立由布高等学校
3915,更級農業高等学校・松代高等学校・屋代南高等学校
3916,横浜隼人高等学校
3917,鳥取県立智頭農林高等学校
3918,茨城県立つくば工科高等学校
3919,香川県立高松北中学校・高等学校
3920,宮崎県立延岡星雲高等学校
3921,北海道富良野緑峰高等学校
3922,千葉県立大原高等学校・千葉県立勝浦若潮高等学校
3923,奈良県立高田商業高等学校
3924,三田国際学園高等学校
3925,青森県立弘前実業高等学校
3926,神奈川県立富岡高等学校
3927,長崎県立佐世保中央高等学校
3928,兵庫県立佐用高等学校
3929,京都府立桂高等学校
3930,玉野高等学校・玉野商業高等学校
3931,山梨県立日川高等学校
3932,千葉県立東金高等学校
3933,静岡県立長泉高等学校
3934,大阪府立枚方津田高等学校
3935,佐賀県立伊万里商業高等学校
3936,福島県立喜多方商業高等学校
3937,京都産業大学附属高等学校
3938,新潟県立佐渡高等学校
3939,熊本県立熊本高等学校
3940,北海道別海高等学校
3941,広島県立福山明王台高等学校
3942,徳島県立川島高等学校
3943,専修大学松戸高等学校 
3944,横須賀学院中学校・高等学校
3945,山梨県立農林高等学校
3946,愛知県立旭野高等学校
3947,高知県立中村高等学校
3948,沖縄県立浦添工業高等学校
3949,ルーテル学院中学校・高等学校
3950,宮城県宮城農業高等学校
3951,千葉県立長狭高等学校
3952,福井県立金津高等学校
3953,北海道利尻高等学校
3954,芦屋大学附属高等学校
3955,本庄第一高等学校
3956,群馬県立太田工業高等学校
3957,兵庫県立夢野台高等学校
3958,臼田・軽井沢・東部
3959,大阪府立桜塚高等学校
3960,鹿児島高等学校
3961,坂城、更級農業、長野南、中条、松代、屋代南
3962,埼玉県立飯能高等学校
3963,長野県下伊那農業高等学校
3964,浜松市立高等学校
3965,兵庫県立伊川谷高等学校
3966,新潟第一高等学校
3967,北海道白糠高等学校・北海道阿寒高等学校
3968,串木野女子高等学校
3969,千葉県立柏陵高等学校
3970,静岡県立静岡農業高等学校
3971,臼田・軽井沢・北佐久農業
3972,京都府立加悦谷高等学校
3973,静岡県立伊東高等学校・伊東商業高等学校
3974,初芝中学校・高等学校
3975,大分県立日田林工高等学校
3976,埼玉県立大宮高等学校
3977,四條畷学園高等学校
3978,國學院大學栃木高等学校
3979,秋田県立西目高等学校
3980,神奈川県立ひばりが丘高等学校
3981,児島・琴浦・倉敷鷲羽高等学校
3982,秋田県立仁賀保高等学校
3983,奈良県立御所工業高等学校
3984,川崎市立川崎高等学校
3985,富山県立泊高等学校
3986,福島県立双葉翔陽高等学校
3987,長野県長野東高等学校
3988,小諸商業・軽井沢・佐久平総合技術・野沢南
3989,岡山県立岡山大安寺高等学校
3990,京都府立京都八幡高等学校
3991,長野県岡谷東高等学校
3992,三重県立白山高等学校
3993,須坂園芸・須坂商業・中野高等学校
3994,土佐塾中学校・高等学校
3995,長野県諏訪実業高等学校
3996,滋賀県立甲南高等学校
3997,佐賀県立武雄青陵高等学校
3998,沖縄県立宜野湾高等学校
3999,盈進中学高等学校
4000,千葉黎明高等学校
4001,埼玉県立川口工業高等学校
4002,明徳義塾高等学校
4003,千葉県立松戸六実高等学校
4004,日田商業高等学校
4005,共栄学園高等学校
4006,埼玉県立宮代高等学校
4007,岩手県立盛岡第三高等学校
4008,島根県立大田高等学校
4009,山口県立防府商工高等学校
4010,新潟青陵高等学校
4011,同志社国際中学校・高等学校
4012,下関工業高等学校・下関工科高等学校
4013,埼玉県立所沢緑ヶ丘高等学校
4014,長野県野沢南高等学校
4015,東京都立武蔵村山高等学校
4016,栄徳高等学校
4017,渋川青翠高等学校
4018,大分県立別府翔青高等学校
4019,名古屋高等学校
4020,二松學舎大学附属高等学校
4021,東京都立日野高等学校
4022,鳥取県立米子東高等学校
4023,富山県立高岡工芸高等学校
4024,二松学舎大学附属高等学校
4025,東京都立杉並高等学校
4026,岐阜県立土岐紅陵高等学校
4027,埼玉県立松山女子高等学校
4028,常葉大学附属菊川高等学校
4029,長崎県立平戸高等学校
4030,茨城県立那珂高等学校
4031,龍谷高等学校
4032,北海道鵡川高等学校
4033,鳥取県立鳥取東高等学校
4034,和歌山県立箕島高等学校
4035,大分高等学校
4036,鹿児島県立大島高等学校
4037,福岡市立福翔高等学校
4038,岩手県立一関第一高等学校
4039,樟南第二高等学校
4040,北秋田市立合川高等学校
4041,群馬県立太田高等学校
4042,千葉県立行徳高等学校
4043,大阪府立八尾北高等学校
4044,熊本県立熊本商業高等学校
4045,岐阜県立大垣西高等学校
4046,広島県立音戸高等学校
4047,宮崎県立都城工業高等学校
4048,岩手県立水沢農業高等学校
4049,三重県立伊賀白鳳高等学校
4050,中村高等学校
4051,岩手県立種市高等学校
4052,岡山県美作高等学校
4053,茨城県立水海道第二高等学校
4054,石巻市立女子商業高等学校
4055,立命館宇治高等学校
4056,大阪府立みどり清朋高等学校
4057,芝浦工業大学高等学校
4058,福島県立小高工業・小高商業高等学校
4059,熊本県立松橋高等学校
4060,兵庫県立東播磨高等学校
4061,大阪市立淀高等学校
4062,千葉県立実籾高等学校
4063,広島大学附属千田高等学校
4064,創造学園高等学校
4065,沖縄県立豊見城高等学校
4066,宮城県涌谷高等学校
4067,富山県立二上工業高等学校
4068,福井県立坂井高等学校
4069,熊本信愛女学院中学校・高等学校
4070,五所川原商業高等学校
4071,北海道赤平高等学校
4072,大阪府立花園高等学校
4073,宮城県石巻女子高等学校
4074,宮城県矢本・東松島高等学校
4075,埼玉県立白岡高等学校
4076,福島県立梁川高等学校
4077,鹿児島県立吹上高等学校
4078,京都両洋高等学校
4079,北海道旭川工業高等学校
4080,富山県立富山高等学校
4081,茨城県立土浦第一高等学校
4082,香川県立志度高等学校
4083,岡山県立矢掛高等学校
4084,長崎県立小浜高等学校
4085,皇學館高等学校
4086,甲陽学院高等学校
4087,石川県立能登高等学校
4088,愛知県立豊橋商業高等学校
4089,山口県立宇部西高等学校
4090,秋田県立西目農業高等学校
4091,福岡文化学園博多女子高等学校・中学校
4092,大阪市立枚方高等学校
4093,鹿児島県立古仁屋高等学校
4094,三重県立伊勢工業高等学校
4095,大東文化大学第一高等学校
4096,宮城県農業高等学校
4097,國學院高等学校
4098,長野県飯山高等学校
4099,神奈川県立城郷高等学校
4100,沖縄尚学高等学校
4101,広島城北中・高等学校
4102,中村女子高等学校
4103,静岡県立島田高等学校
4104,昌平高等学校
4105,新潟県立高田商業高等学校
4106,美萩野⼥⼦⾼等学校
4107,京都府立網野高等学校
4108,石川県立宝達高等学校
4109,東京都立東大和高等学校
4110,千葉県立小見川高等学校
4111,三重県立宇治山田高等学校
4112,青森県立八戸高等学校
4113,埼玉県立滑川総合高等学校
4114,福岡県立大里高等学校
4115,鹿児島県立吹上高等学校・加世田常潤高等学校
4116,岡山県立倉敷中央高等学校
4117,北海道苫小牧総合経済高等学校
4118,埼玉県立新座総合高等学校
4119,横浜中学高等学校
4120,函館大妻高等学校
4121,千葉県立八千代高等学校
4122,大阪府立茨田高等学校
4123,北海道興部高等学校
4124,群馬県立藤岡中央高等学校
4125,山形県立東根工業高等学校
4126,与論町立与論中学校
4127,中野・中野立志館・中野実業
4128,埼玉県立坂戸高等学校
4129,立正大学付属立正高等学校
4130,京都文教高等学校
4131,鹿児島県立川辺高等学校
4132,山梨県立桂高等学校
4133,三重県立津工業高等学校・三重県立久居農林高等学校・三重県立白山高等学校
4134,上宮中学校・高等学校
4135,愛知県立岡崎商業高等学校
4136,群馬県立藤岡中央高等学校・県立藤岡工業高等学校
4137,高木学園女子高等学校
4138,鹿児島県立吹上・加世田常潤高等学校
4139,山梨県立笛吹高等学校
4140,霞ヶ浦高等学校
4141,鹿児島県立沖永良部高等学校
4142,和歌山県立海南高等学校
4143,大阪青凌中学校・高等学校
4144,青森県立八戸北高等学校
4145,岡山県立高梁城南高等学校
4146,広陵高等学校
4147,西武台新座中学校
4148,京都府立八幡高等学校
4149,埼玉県立日高高等学校
4150,大阪国際大和田中学校・高等学校
4151,志學館学園鹿児島学芸高等学校
4152,大妻多摩高等学校
4153,大分県立大分豊府高等学校
4154,岡山御津・金川・福渡高等学校
4155,奈良県立田原本農業高等学校
4156,共立女子高等学校
4157,広島新庄中学校・高等学校
4158,筑陽学園中学校・高等学校
4159,埼玉県立春日部女子高等学校
4160,神奈川県立鶴嶺高等学校
4161,新川高等学校
4162,奈良県立青翔高等学校
4163,アレセイア湘南中学校・高等学校
4164,神奈川県立吉田島農林高等学校
4165,愛知県立豊田工科高等学校
4166,三重高等学校
4167,観音寺中央
4168,折尾愛真高等学校
4169,尾道中学校・高等学校
4170,広島県立大柿高等学校・音戸高等学校
4171,茨城県立藤代高等学校
4172,札幌商業高等学校
4173,茨城県立潮来高等学校・鹿島高等学校
4174,鹿島学園高等学校
4175,桐生市立商業高等学校
4176,愛媛県立今治東中等教育学校
4177,三重県立尾鷲高等学校
4178,境港工業・総合高等学校
4179,愛媛県立宇和島南中等教育学校
4180,千葉県立九十九里高等学校
4181,高知高等学校
4182,市立札幌平岸高等学校
4183,尾道高等学校
4184,神奈川県立寒川高等学校
4185,岐阜県立可児工業高等学校
4186,宮城県富谷高等学校
4187,群馬県立松井田高等学校
4188,北海道石狩南高等学校
4189,高崎市立女子高等学校
4190,熊本鉃道高等学校
4191,北越高等学校
4192,岩手県立大野高等学校
4193,名古屋商科大学附属高等学校
4194,神戸市立神港橘高等学校
4195,長野県須坂園芸高等学校・須坂商業高等学校・中野高等学校
4196,香川県立丸亀高等学校
4197,秋田修英高等学校
4198,福島県立ふたば未来学園・相馬農業高等学校
4199,愛媛県立津島高等学校
4200,岩手県立千厩東高等学校
4201,兵庫県立鈴蘭台高等学校
4202,青森県立大間高等学校、大間町立奥戸中学校
4203,岩手県立不来方高等学校
4204,神奈川県立平塚江南高等学校
4205,兵庫県立宝塚東高等学校
4206,福島県立安積高等学校
4207,関東学院六浦中学校・高等学校
4208,北海道札幌平岸高等学校
4209,茨城県立竜ヶ崎第二高等学校
4210,北海道札幌白陵高等学校
4211,関西創価高等学校
4212,熊本県立鹿本高等学校
4213,柴田女子高等学校
4214,埼玉県立川越南高等学校
4215,東京純心女子高等学校
4216,東京都立芝商業高等学校
4217,駿台甲府高等学校
4218,青森県立五所川原工業高等学校
4219,千葉県立安房拓心高等学校
4220,福岡県立輝翔館中等教育学校
4221,北海道札幌稲雲高等学校
4222,鹿児島県立加世田常潤高等学校
4223,修道高等学校
4224,北海道函館商業高等学校
4225,千葉県立佐倉東高等学校
4226,秋田県立大館国際情報学院中学校
4227,栃木県立栃木南高等学校
4228,愛媛県立上浮穴高等学校
4229,福岡県立山門高等学校
4230,岡山白陵高等学校
4231,長野県中野実業高等学校
4232,茨城県立牛久栄進高等学校
4233,清風中・高等学校
4234,岐阜県立各務野高等学校
4235,大分県立芸術緑丘高等学校
4236,山形県立上山明新館高等学校
4237,奈良県立奈良朱雀高等学校
4238,常葉大学附属橘中学校・高等学校
4239,豊国学園高等学校
4240,千葉県立柏の葉高等学校
4241,飯田工業・松川・阿智
4242,静岡県立池新田高等学校
4243,長野県長野商業高等学校
4244,敦賀気比高等学校
4245,兵庫県立伊川谷北高等学校
4246,岐阜県立羽島高等学校
4247,東京都立第一商業高等学校
4248,香川県立志度商業高等高校
4249,青森県立弘前高等学校
4250,沖縄県立北谷高等学校
4251,神戸市立神港高等学校
4252,麗澤瑞浪中学・高等学校
4253,岡山県立岡山操山高等学校
4254,福岡県立小倉南高等学校
4255,熊本県立苓洋高等学校
4256,広島市立沼田高等学校
4257,秋田県立秋田工業高等学校
4258,茨城県立日立第一高等学校
4259,上智福岡高等学校
4260,明徳義塾中学・高等学校
4261,樟蔭高等学校
4262,愛知県立常滑北・常滑高等学校
4263,和歌山県立南部高等学校龍神分校
4264,高知県立岡豊高等学校
4265,明治大学付属中野八王子中学高等学校
4266,筑邦女子高等学校
4267,茨城県立波崎柳川高等学校
4268,北海学園札幌高等学校
4269,神奈川県立多摩高等学校
4270,ＮＨＫ学園高等学校
4271,新潟県立新津高等学校
4272,高川学園高等学校
4273,埼玉県立朝霞西高等学校
4274,福岡県立城南高等学校
4275,北海道函館東高等学校
4276,青森県立黒石高等学校
4277,愛知県立刈谷北高等学校
4278,諏訪実業・茅野・富士見
4279,神奈川県立ひばりが丘高等学校・栗原高等学校
4280,埼玉県立栗橋北彩高等学校
4281,岡山県立精研高等学校
4282,青森県立八戸商業高等学校
4283,目黒日本大学高等学校
4284,北海道根室西高等学校
4285,筑紫工業高等学校
4286,岐阜県立土岐商業高等学校
4287,高知工業高等学校
4288,佼成学園女子高等学校
4289,岡山県立瀬戸高等学校
4290,愛知県立豊田西高等学校
4291,新潟県立糸魚川白嶺高等学校
4292,大分県立情報科学高等学校
4293,島根県立情報科学高等学校
4294,山口県立岩国商業高等学校
4295,石川県立金沢西高等学校
4296,鹿児島県立吹上高等学校・加世田常潤高等学校・頴娃高等学校
4297,大分県立大分東高等学校
4298,聖和学院中学校・高等学校
4299,町田学園品川エトワール女子高等学校
4300,静岡県立清流館高等学校
4301,長野俊英・屋代南・長野工業・長野西中条・坂城高等学校
4302,東京都立上野高等学校
4303,千葉県立松戸矢切高等学校
4304,栃木県立上三川高等学校
4305,神奈川県立相模原総合高等学校
4306,京都共栄学園
4307,石川県立羽咋高等学校
4308,北海道名寄光凌高等学校
4309,長野県岩村田高等学校
4310,熊本県立熊本西高等学校
4311,栃木県立宇都宮清陵高等学校
4312,東海大学甲府高等学校
4313,静岡学園中学校・高等学校
4314,兵庫県立篠山産業高等学校
4315,北海道帯広三条高等学校
4316,伊勢工業・鳥羽・志摩高等学校
4317,宮崎女子高等学校
4318,法政大学第一高等学校
4319,埼玉県立羽生実業高等学校
4320,東京都立墨田川高等学校
4321,熊本県立菊池高等学校
4322,長野県長野高等学校
4323,近大広島高校・中　福山校
4324,大阪市立東高等学校
4325,岐阜県立大垣北高等学校
4326,宮城県村田高等学校
4327,奈良県立奈良情報商業高等学校・桜井商業高等学校・志貴高等学校
4328,茨城県立那珂湊・那珂湊第一高等学校
4329,北海道苫小牧西高等学校
4330,大分県立杵築高等学校
4331,奈良県立磯城野高等学校
4332,東京都立立川高等学校
4333,山口県立山口農業高等学校
4334,水戸短期大学附属高等学校
4335,岐阜県立城北高等学校
4336,福岡県立門司学園高等学校
4337,茨城県立勝田工業・那珂湊第一高等学校
4338,加藤学園高等学校
4339,鹿児島県立加世田高等学校
4340,尼崎市立尼崎産業高等学校
4341,豊島岡女子学園高等学校
4342,南光学園東北高等学校
4343,小倉陸軍造兵廠技能者養成所学校
4344,九州女子高等学校
4345,神奈川県立希望ヶ丘高等学校
4346,岩手県立福岡工業高等学校
4347,焼津高等学校・静岡県立焼津水産高等学校
4348,埼玉県立和光国際高等学校
4349,兵庫県立生野高等学校・朝来市立生野中学校・兵庫県立和田山高等学校
4350,奈良県立耳成高等学校
4351,聖心ウルスラ学園高等学校
4352,愛媛県立宇和高等学校
4353,山形県立新庄神室産業高等学校
4354,東京都立小金井北高等学校
4355,福岡県立小倉商業高等学校
4356,鹿児島県立甲陵高等学校
4357,神戸国際大学附属高等学校
4358,川口市立川口高等学校
4359,有明高等学校
4360,島根県立大東高等学校
4361,中条・長野南・更級農業・長野俊英・屋代南・長野工業高校
4362,磐城第一高等学校
4363,埼玉県立飯能南高等学校
4364,玉城学園都城東高等学校
4365,北海道倶知安高等学校
4366,北海道岩見沢西高等学校
4367,堀越高等学校
4368,大阪市立扇町商業高等学校
4369,神戸市立神戸西高等学校
4370,和洋九段女子高等学校
4371,国本女子高等学校
4372,大阪府立藤井寺高等学校
4373,愛知県立知立高等学校
4374,大阪教育大学附属高等学校池田校舎
4375,石川県立大聖寺高等学校
4376,大阪市立都島工業高等学校
4377,鳥取県立鳥取中央育英高等学校
4378,高知県立高知西・高知国際高等学校
4379,岩手県立紫波総合高等学校
4380,狭山ヶ丘高等学校
4381,北海道遠軽高等学校
4382,山口県立岩陽高等学校
4383,広島朝鮮中高級学校
4384,埼玉県立志木高等学校
4385,京都府立洛西高等学校
4386,駒澤大学附属岩見沢高等学校
4387,駒場学園高等学校
4388,兵庫県立伊丹高等学校
4389,埼玉県立北川辺高等学校
4390,鳥取県立境高等学校
4391,東京都立文京高等学校
4392,広島新庄高等学校
4393,和歌山県立新翔高等学校
4394,兵庫県立松陽高等学校
4395,さいたま市立浦和中学・高等学校
4396,島根県立出雲商業高等学校
4397,神戸村野工業高等学校
4398,東京都立忍岡高等学校
4399,北越商業高等学校
4400,江戸川女子高等学校
4401,須坂商業・須坂園芸高等学校
4402,福島県立相馬高等学校
4403,静岡県立稲取高等学校
4404,和歌山市立和歌山高等学校
4405,愛知県立愛知商業高等学校
4406,鳥取県立境港工業高等学校
4407,城西大学附属城西高等学校
4408,茨城県立取手松陽高等学校
4409,広島県立日彰館高等学校
4410,鹿児島県立頴娃高等学校・薩南工業高等学校
4411,福島県立安積女子高等学校
4412,学校法人足利工業大学・短期大学附属高等学校
4413,新潟県立新潟工業高等学校
4414,新町高等学校
4415,公文国際学園高等部
4416,京都市立紫野高等学校
4417,埼玉県立越ヶ谷高等学校
4418,愛知県立岡崎高等学校
4419,福山市立福山中学・高等学校
4420,つくば国際大学高等学校土浦校舎
4421,香川県立高瀬高等学校
4422,広島県立大竹高等学校
4423,プール学院中学校・高等学校
4424,鹿児島県立川内商工高等学校
4425,北海道函館北高等学校
4426,長野県長野西高等学校
4427,長野県飯田高等学校
4428,広島県立向原高等学校
4429,埼玉県立蓮田松韻高等学校
4430,つくば開成高等学校京都校
4431,千葉聖心高等学校
4432,敬愛高等学校
4433,下関国際高等学校
4434,栃木県立宇都宮農業高等学校
4435,岐阜県立不破高等学校
4436,山口県立華陵高等学校
4437,県立船橋古和釜高等学校
4438,京都府立南八幡高等学校
4439,岡山県立真庭高等学校
4440,埼玉県立常盤女子高等学校
4441,鹿児島県立甲陵高等学校・明桜館高等学校
4442,香川誠陵中学校・高等学校
4443,東京都立篠崎高等学校
4444,鹿児島県立蒲生高等学校
4445,広島県立広島観音高等学校
4446,埼玉県立所沢北高等学校
4447,宮城県気仙沼西高等学校
4448,北海道札幌東陵高等学校
4449,岡山県立倉敷天城高等学校
4450,鹿児島県立鹿児島西高等学校
4451,豊川高等学校
4452,三重県立紀南高等学校
4453,奈良県立奈良北高等学校
4454,熊本県立多良木高等学校・熊本県立芦北高等学校
4455,聖望学園中学校・高等学校
4456,愛知県立瀬戸工科高等学校
4457,茨城県立友部高等学校
4458,群馬県立前橋商業高等学校
4459,山口県立宇部商業高等学校
4460,熊本県立大矢野高等学校
4461,神戸第一高等学校
4462,鹿児島県立鹿児島南高等学校
4463,群馬県立玉村高等学校
4464,埼玉県立大井高等学校
4465,美濃加茂高等学校
4466,愛知県立天白高等学校
4467,静岡県立引佐高等学校
4468,群馬県立館林高等学校
4469,山口県立宇部工業高等学校
4470,神奈川県立横浜旭陵高等学校
4471,鹿児島県立国分高等学校
4472,神奈川県立相模大野高等学校・相模原中等教育学校
4473,静岡県立浜名高等学校
4474,植草学園大学附属高等学校
4475,岐阜県立加茂高等学校
4476,日向学院高等学校
4477,秋田県立鷹巣農林高等学校
4478,奈良県立奈良商工高等学校
4479,京都先端科学大学附属中学校・高等学校
4480,成田高等学校 
4481,長野県須坂東高等学校
4482,長野県須坂商業高等学校
4483,青森県立三本木高等学校
4484,山口県立柳井商業高等学校
4485,宮崎日本大学高等学校
4486,長野南高等学校・屋代南高等学校・更級農業高等学校
4487,静岡県立藤枝東高等学校
4488,兵庫県立川西北陵高等学校
4489,鹿児島県立徳之島高等学校
4490,北海道旭川北高等学校
4491,北海道札幌工業高等学校
4492,滋賀県立八幡高等学校
4493,栃木県立小山北桜高等学校
4494,愛知県立木曽川高等学校
4495,瓊浦高等学校
4496,三重県立上野高等学校
4497,高知県立室戸高等学校
4498,茨城県立東海高等学校
4499,鹿児島県立財部高等学校・末吉高等学校
4500,岡山県立岡山工業高等学校
4501,秋田県立大館南高等学校
4502,修文女子高等学校
4503,兵庫県立宝塚高等学校
4504,秋田県立矢島高等学校
4505,愛知県立瀬戸高等学校
4506,島根県立平田高等学校
4507,愛媛県立新居浜西高等学校
4508,長野県梓川高等学校
4509,北海道幕別清陵高等学校
4510,千葉県立八街高等学校
4511,北海道函館水産高等学校
4512,宮崎県立飯野高等学校
4513,三重県立松阪商業高等学校
4514,東邦商業学校
4515,獨協中学校・高等学校
4516,北海道長万部高等学校
4517,群馬県立伊勢崎工業高等学校
4518,福島県立安達高等学校
4519,幸福の科学学園中学校・高等学校
4520,福岡県立福岡工業高等学校
4521,茨城県立竜ヶ崎第一高等学校
4522,東京都立片倉高等学校
4523,山梨県立塩山高等学校
4524,茨城県立江戸崎総合高等学校・藤代紫水高等学校・筑波高等学校
4525,札幌女子高等学校
4526,宮城県小牛田農林高等学校
4527,古川学園高等学校
4528,常葉大学附属常葉中学校・高等学校
4529,埼玉県立富士見高等学校
4530,函館大学付属柏稜高等学校
4531,鹿児島県立与論高等学校
4532,大阪偕星学園高等学校
4533,仁愛女子高等学校
4534,"茅野・富士見高等学校合同
"
4535,島根県立浜田商業高等学校
4536,群馬県立桐生南高等学校
4537,静岡県立磐田西高等学校
4538,茨城県立石岡第二高等学校
4539,千葉県立東総工業高等学校
4540,香川高等学校
4541,中村学園女子高等学校
4542,九州共立大学八幡西高等学校
4543,富山県立富山女子高等学校
4544,大阪府立芥川高等学校
4545,熊本県立菊池農業高等学校
4546,大和高田市立高田商業高等学校
4547,愛知県立惟信高等学校
4548,佐賀県立伊万里高等学校
4549,鹿児島県立加治木工業高等学校
4550,栃木県立烏山女子高等学校
4551,岩手県立高田高等学校
4552,山口県立美祢高等学校
4553,誠信高等学校
4554,静岡工業高等学校・焼津水産高等学校・清水工業高等学校・静岡女子高等学校
4555,福島県立白河高等学校
4556,愛知県立一宮南高等学校
4557,神奈川県立厚木東高等学校
4558,福知山女子高等学校
4559,福井県立武生商業高等学校
4560,長野県大町高等学校
4561,北九州市立高等学校
4562,奈良市立一条高等学校
4563,愛媛県立伊予高等学校
4564,兵庫県立舞子高等学校
4565,東京都立富士森高等学校
4566,広島県立因島高等学校
4567,愛知県立大府東高等学校
4568,千葉県立長生高等学校
4569,埼玉県立豊岡高等学校
4570,岩手県立沼宮内高等学校
4571,北海道函館工業高等学校
4572,福岡工業高等学校・一戸高等学校
4573,静岡県立金谷高等学校
4574,大分県立大分雄城台高等学校
4575,北海道広尾高等学校
4576,岐阜県立高山工業高等学校
4577,横浜高等学校
4578,東京都立第五商業高等学校
4579,愛媛県立今治西高等学校
4580,石川県立金沢北陵高等学校
4581,埼玉県立入間向陽高等学校
4582,兵庫県立篠山鳳鳴高等学校
4583,鹿児島県立福山高等学校
4584,峡南高等学校・農林高等学校
4585,香川県立農業経営高等学校
4586,茨城県立大子第一高等学校
4587,三重県立久居高等学校
4588,上田千曲高等学校・坂城高等学校・中条高等学校・更級農業高等学校・屋代南高等
4589,長野県赤穂高等学校
4590,神戸市立兵庫商業高等学校
4591,岩手県立久慈高等学校
4592,東京都立八王子桑志高等学校
4593,愛媛県立松山西高等学校
4594,神奈川県立新栄高等学校
4595,啓明学院高等学校
4596,明浄学院高等学校
4597,静岡県立浜松東高等学校
4598,千葉県立多古高等学校
4599,愛知県立津島高等学校
4600,朋優学院高等学校
4601,柏日体高等学校
4602,群馬県立大間々高等学校
4603,尚志館高等学校
4604,北海道名寄工業高等学校
4605,神奈川県立市ヶ尾高等学校
4606,東京学館浦安中学・高等学校
4607,埼玉県立上尾鷹の台高等学校
4608,北海道帯広南商業高等学校
4609,静岡理工科大学静岡北中学校・高等学校
4610,長野県上田染谷丘高等学校
4611,三重県立伊賀白鳳高等学校・上野商業高等学校・上野農業高等学校
4612,函館白百合学園中学高等学校
4613,茨城県立水海道第二高等学校・下館第二高等学校
4614,柳ケ浦高等学校
4615,沖縄県立球陽高等学校・球陽中学校
4616,神戸市立神戸工業高等学校
4617,大分県立津久見高等学校
4618,岐阜県立武義高等学校
4619,北海道深川農業高等学校
4620,茨城県立水戸工業高等学校
4621,兵庫県立加古川西高等学校
4622,千葉県立野田高等学校
4623,栃木県立宇都宮女子高等学校
4624,岩手県立千厩高等学校
4625,北海道中標津高等学校
4626,兵庫県立明石城西高等学校
4627,茨城県立下館第一高等学校
4628,高知県立梼原高等学校
4629,千葉県立市川西高等学校
4630,秋田県立大館国際情報学院中学校・高等学校
4631,千葉県立鎌ヶ谷西高等学校
4632,宮崎学園高等学校
4633,広島県立福山誠之館高等学校
4634,静岡県立二俣高等学校
4635,名古屋工業高等学校
4636,成田高等学校
4637,京都府立西宇治高等学校
4638,静岡県立静岡高等学校
4639,東京都立永山高等学校
4640,近畿大学附属新宮高等学校
4641,岐阜県立多治見高等学校
4642,静岡県立磐田南高等学校
4643,愛国学園大学附属四街道高等学校
4644,佐賀県立鳥栖高等学校
4645,千葉学園高等学校
4646,三重県立四日市工業高等学校
4647,宮城県若柳高等学校
4648,大阪府立東豊中高等学校・千里青雲高等学校
4649,佐賀県立三養基高等学校
4650,神奈川県立大磯高等学校
4651,岐阜県立岐阜城北高等学校
4652,白陵中学校・高等学校
4653,広島県立広島井口高等学校
4654,長野県中野西高等学校
4655,埼玉県立芸術総合高等学校
4656,埼玉県立妻沼高等学校
4657,広島県立廿日市高等学校
4658,滋賀県立長浜高等学校
4659,東京都立大泉高等学校
4660,兵庫県立須磨東高等学校
4661,京都光華中学校・高等学校
4662,神奈川県立川崎高等学校
4663,岐阜県立岐阜農林高等学校
4664,福島県立双葉・双葉翔陽・富岡高等学校
4665,青森県立五所川原高等学校
4666,三重県立四日市四郷高等学校
4667,岩手県立水沢高等学校
4668,大阪府教育センター附属高等学校
4669,北海道大麻高等学校
4670,明秀学園日立高等学校
4671,沖縄県立北中城高等学校
4672,星野学園川越東高等学校
4673,愛知県立瑞陵高等学校
4674,岩手県立水沢商業高等学校
4675,三重県立伊勢工業高等学校・三重県立鳥羽高等学校
4676,鹿児島実業高等学校
4677,静岡県立沼津工業高等学校
4678,創価高等学校
4679,帝都育英工業高等学校
4680,宮崎県立日南高等学校
4681,岩手県立前沢高等学校
4682,北海道小樽工業高等学校
4683,群馬県立館林高等学校・県立大泉高等学校
4684,北海道大樹高等学校
4685,広島県上下高等学校
4686,滋賀県立彦根西高等学校
4687,昭和女子高等学校
4688,高知県立高知中央高・高知農業高等学校
4689,香川県立坂出高等学校
4690,北海道厚別高等学校
4691,兵庫県立豊岡実業高等学校
4692,北鎌倉女子学園中学校・高等学校
4693,徳島県立板野高等学校
4694,茨城県立佐和高等学校
4695,静岡県立焼津水産高等学校・吉田高等学校
4696,広島県立上下高等学校
4697,奈良県立大宇陀高等学校
4698,愛知県立名古屋西高等学校
4699,飛龍高等学校
4700,東京都立鷺宮高等学校
4701,第二日野国民学校
4702,福岡県立朝倉高等学校
4703,京都廣学館高等学校
4704,北海道札幌あすかぜ高等学校
4705,飯田工業・松川高等学校
4706,岡山県立玉野高等学校
4707,東京都立国際高等学校
4708,大阪市立鶴見商業高等学校
4709,大阪府立長野高等学校
4710,金蘭会中学校・高等学校
4711,滋賀県立能登川高等学校
4712,山口県立宇部高等学校
4713,千葉県立君津高等学校
4714,大阪商業大学高等学校
4715,茨城県立磯原郷英高等学校
4716,宮城県佐沼高等学校
4717,兵庫県立村岡高等学校
4718,静岡県立浜松北高等学校
4719,神奈川県立相武台高等学校
4720,京華学園高等学校
4721,福岡県立武蔵台高等学校
4722,高崎健康福祉大学高崎高等学校
4723,長崎県立佐世保商業高等学校
4724,千葉県立富里高等学校
4725,沖縄県立向陽高等学校 
4726,茨城県立多賀高等学校
4727,千葉県立市原高等学校・鶴舞桜が丘高等学校
4728,新潟県立見附高等学校
4729,湘南工科大学附属高等学校
4730,熊本学園大学付属高等学校
4731,大阪府立港南造形・咲洲高等学校合同音楽部
4732,千葉県立一宮商業高等学校
4733,鹿児島県立鹿児島工業高等学校
4734,大分工業高等専門学校
4735,宮城県登米高等学校
4736,智辯学園奈良カレッジ高等部
4737,埼玉県立庄和高等学校
4738,横浜学院女子中学校・高等学校
4739,栃木県立茂木高等学校
4740,静岡県立富士東高等学校
4741,長崎日本大学高等学校
4742,進徳女子高等学校
4743,大分中学校・大分高等学校
4744,沖縄県立糸満高等学校・沖縄水産高等学校
4745,大分県立別府鶴見丘高等学校
4746,坂城高等学校・長野俊英高等学校
4747,神奈川県立藤沢清流高等学校
4748,青森県立青森工業高等学校
4749,愛媛県立弓削高等学校
4750,富山県立富山南高等学校
4751,岐阜県立海津明誠高等学校（海津北校舎）
4752,北海道大谷室蘭高等学校
4753,本庄第一中学校・高等学校
4754,愛知県立江南高等学校
4755,福岡県立筑紫高等学校
4756,都城東高等学校
4757,福島県立会津学鳳等学校
4758,天理中学校養徳報国団
4759,岩手県立岩谷堂農林高等学校
4760,群馬県立富岡実業高等学校
4761,栃木県立石橋高等学校
4762,東京都立青井高等学校
4763,花園高等学校
4764,広島市立基町高等学校
4765,華頂女子中学校・高等学校
4766,長崎県立諫早商業高等学校
4767,神奈川県立厚木清南高等学校
4768,北海道浦河高等学校
4769,天理高等学校
4770,穴吹高等学校
4771,愛媛県立内子高等学校
4772,大阪信愛女学院高等学校
4773,富山県立高岡南高等学校
4774,北海道札幌英藍高等学校
4775,兵庫県立龍野高等学校
4776,京都府立久御山高等学校
4777,佐賀県立鳥栖工業高等学校
4778,浜松学芸中学校・高等学校
4779,広島市立美鈴が丘高等学校
4780,栃木県立矢板東高等学校
4781,千葉県立松戸国際高等学校
4782,神戸市立神戸商業高等学校
4783,京都光華高等学校
4784,北海道札幌東商業高等学校
4785,東京都立足立高等学校
4786,九州文化学園高等学校
4787,兵庫県立神戸甲北高等学校
4788,芝浦工業大学附属高等学校
4789,愛媛県立丹原高等学校
4790,福井県立敦賀工業高等学校
4791,大阪府立生野高等学校
4792,愛知県立小坂井高等学校
4793,前橋市立前橋高等学校
4794,奈良県立榛生昇陽高等学校
4795,京都府立須知高等学校
4796,東京都立大島高等学校
4797,大牟田高等学校
4798,広島県立東城高等学校
4799,千葉県立銚子商業高等学校
4800,北照高等学校
4801,大阪府立東豊中・千里青雲高等学校
4802,神奈川県立瀬谷西高等学校
4803,群馬県立安中高等学校
4804,茨城県立古河第一高等学校
4805,千葉県立大網高等学校
4806,福井県立福井商業高等学校
4807,福井工業大学附属福井高等学校
4808,静岡県立伊東高等学校
4809,神奈川県立小田原高等学校
4810,奈良県立畝傍高等学校
4811,徳島県立城南高等学校
4812,あべの翔学高等学校
4813,初芝中・高等学校
4814,岡山県立高松農業高等学校
4815,神奈川県立神奈川工業高等学校
4816,福岡県立若松高等学校
4817,新潟県立村上高等学校
4818,愛知朝鮮中高級学校
4819,名古屋経済大学高蔵高等学校
4820,長野県明科高等学校
4821,埼玉県立熊谷西高等学校
4822,鹿児島第一中学校・高等学校
4823,清水市立商業高等学校
4824,大阪府立四條畷北・東寝屋川・北かわち皐ヶ丘高等学校
4825,愛知県立稲沢東高等学校
4826,兵庫県立宝塚西高等学校
4827,富山県立魚津工業高等学校
4828,岐阜県立揖斐高等学校
4829,長野女子高等学校
4830,群馬県立館林商工高等学校
4831,宮崎県立延岡高等学校
4832,宮城県気仙沼高等学校
4833,福島県立小高商業高等学校
4834,鹿屋中央高等学校
4835,静岡県立新居高等学校
4836,広島女学院中学校・高等学校
4837,奈良県立郡山高等学校
4838,樹徳高等学校
4839,金光学園高等学校
4840,長野南・屋代南
4841,大阪府立懐風館高等学校
4842,太田市立太田高等学校
4843,埼玉県立北本高等学校
4844,北海道室蘭東高等学校
4845,千葉県立津田沼高等学校
4846,東京都立立川国際中等教育学校
4847,大分県立日田高等学校
4848,大阪府立城東工科高等学校
4849,北海道札幌稲北高等学校
4850,広島県立三原高等学校
4851,大阪府立港高等学校
4852,中京商業高等学校
4853,三重県立朝明高等学校
4854,真和中学校・高等学校
4855,埼玉県立上尾高等学校
4856,嶺北地域中高一貫教育校
4857,東京都立石神井高等学校
4858,京都市立堀川高等学校
4859,沖学園高等学校
4860,鈴鹿高等学校
4861,北海道富川高等学校
4862,早稲田学院本庄高等学院
4863,宮城県上沼高等学校
4864,北星学園女子中学高等学校
4865,愛知県立加茂丘高等学校
4866,滋賀県立草津東高等学校
4867,福岡県立小倉高等学校
4868,東京都立五日市高等学校
4869,修徳高等学校
4870,大阪府立豊中高等学校
4871,北海道夕張北高等学校
4872,与勝高等学校・与勝緑が丘中学校 
4873,つくば秀英高等学校
4874,白鷗大学足利高等学校
4875,福岡県立若松商業高等学校
4876,文化学園長野中学・高等学校
4877,埼玉県立川口青陵高等学校
4878,山梨県立甲府西高等学校
4879,北海道鹿追高等学校
4880,北海道大野農業・上磯・函館水産高等学校
4881,佐賀県立武雄高等学校
4882,青森県立八戸南高等学校
4883,東京農業大学第一高等学校
4884,福島県立本宮高等学校
4885,福島県立東白川農商高等学校
4886,茨城県立佐竹高等学校
4887,静岡県立静岡城北高等学校
4888,福島県立双葉高等学校
4889,北海道旭川商業高等学校
4890,島根県立安来高等学校
4891,慶應義塾高等学校
4892,埼玉県立川越商業高等学校
4893,阪南大学高等学校
4894,富山県立富山商業高等学校
4895,長野県松川高等学校
4896,石川県立小松商業高等学校
4897,千葉県立成東高等学校
4898,帝京長岡高等学校
4899,昭和学園高等学校
4900,長野県須坂園芸高等学校
4901,三重県立菰野高等学校
4902,広島県立庄原実業高等学校
4903,正則高等学校
4904,神奈川県立初声高等学校
4905,埼玉県立大宮工業高等学校
4906,山口県立下関工業高等学校
4907,愛知県立千種高等学校
4908,愛知県立蒲郡高等学校
4909,千葉県立館山高等学校
4910,千葉県立検見川高等学校
4911,広島県立竹原高等学校・広島県立忠海高等学校
4912,日本大学第一高等学校
4913,東京都立三田高等学校
4914,長崎県立五島海陽高等学校
4915,神奈川県立小田原東高等学校
4916,岐阜聖徳学園高等学校
4917,山陽高等学校
4918,愛知県立鳴海高等学校
4919,宮城県大河原商業高等学校
4920,星美学園高等学校
4921,東京都立墨田工業高等学校
4922,大阪市立汎愛高等学校
4923,岐阜県立岐阜工業高等学校
4924,淳心学院中・高等学校
4925,鶴岡東高等学校
4926,埼玉県立越谷西高等学校
4927,岡山県立高梁工業高等学校
4928,城南学園中学校・高等学校
4929,日本大学第二高等学校
4930,大分県立竹田高等学校
4931,大阪府立泉北高等学校
4932,北海道札幌白石高等学校
4933,兵庫県立網干高等学校
4934,長崎県立五島商業高等学校
4935,北海道室蘭清水丘高等学校
4936,宮城県柴田高等学校
4937,長野県田川高等学校
4938,東京都立松原高等学校
4939,福島県立相馬女子高等学校
4940,秋田県立大曲高等学校
4941,栃木県立小山城南高等学校
4942,常磐大学高等学校
4943,鹿児島県立枕崎高等学校
4944,福岡県立三池高等学校
4945,岡山県立邑久高等学校
4946,北星学園大学附属高等学校
4947,奈良県立大淀高等学校
4948,奈良県立奈良高等学校
4949,埼玉県立鴻巣高等学校
4950,活水中学校・高等学校
4951,岩手県立大船渡高等学校
4952,白梅学園高等学校
4953,岐阜東高等学校
4954,京都府立西城陽高等学校
4955,中央学院大学中央高等学校
4956,北海道北見商業高等学校
4957,聖霊女子短期大学付属中学校・高等学校
4958,徳島県立徳島商業高等学校
4959,徳島県立徳島北高等学校
4960,捜真女学校
4961,北海道小樽桜陽高等学校
4962,茨城県立水海道第一高等学校
4963,福岡県立育徳館中学校・高等学校
4964,東京都立小川高等学校
4965,静岡理工科大学星陵中学校・高等学校
4966,東京都市大学等々力高等学校
4967,井原・精研高等学校
4968,岐阜第一高等学校
4969,山口県立柳井商工高等学校
4970,新潟県立巻高等学校
4971,札幌北斗高等学校
4972,広島県立尾道東高等学校
4973,お茶の水女子大学附属高等学校
4974,千葉県立柏高等学校
4975,岩手県立釜石商業高等学校
4976,賢明学院中学高等学校
4977,香川県立津田高等学校
4978,長崎県立島原商業高等学校
4979,長崎県立五島南高等学校
4980,大阪府立四條畷北高等学校
4981,追手門学院大手前中・高等学校
4982,鳥取県立鳥取工業高等学校
4983,千葉県立船橋旭高等学校
4984,千葉県立流山高等学校
4985,山口県立徳山商業高等学校
4986,名古屋大谷高等学校
4987,大阪府立河南高等学校
4988,長野県上田高等学校
4989,滋賀県立甲西高等学校
4990,梅光学院中学校・高等学校
4991,神奈川県立横浜桜陽高等学校
4992,岩手県立釜石北高等学校・釜石商業高等学校
4993,新潟県立柏崎総合高等学校
4994,桜の聖母学院中学校・高等学校
4995,栃木県立宇都宮白楊高等学校
4996,長野県塩尻高等学校
4997,阪南大学中・高等学校
4998,武蔵野大学附属千代田高等学院
4999,秋田県立大館国際情報学院高等学校
5000,不二越工業高等学校
5001,兵庫県立柏原高等学校
5002,千葉明徳高等学校 
5003,北海道松前高等学校
5004,鎮西学院高等学校
5005,岐阜県立山県高等学校
5006,浜松学芸高等学校
5007,千葉県立君津青葉高等学校
5008,東亜学園高等学校
5009,滋賀県立彦根翔西館高等学校
5010,群馬県立前橋工業高等学校
5011,愛知みずほ大学瑞穂高等学校
5012,成器高等学校
5013,滋賀県立水口東高等学校
5014,兵庫県立日高高等学校
5015,群馬県立高崎高等学校
5016,熊本県立苓明高等学校
5017,神奈川県立神奈川総合高等学校
5018,関西学院高等部
5019,滋賀県立長浜北高等学校
5020,千葉県立八千代西高等学校
5021,佐賀県立伊万里農林高等学校
5022,熊本県立熊本北高等学校
5023,秋田県立大館桂桜高等学校
5024,群馬県立前橋東高等学校
5025,金光八尾中学校・高等学校
5026,静岡県立静岡東高等学校
5027,茨城県立緑岡高等学校
5028,群馬県立伊勢崎清明高等学校
5029,神奈川県立上鶴間高等学校
5030,奈良県立富雄高等学校
5031,岐阜県立池田高等学校
5032,大阪府立信太高等学校
5033,武修館高等学校
5034,沖縄県立陽明高等学校 
5035,福岡海星女子学院高等学校
5036,岐阜県立東濃実業高等学校
5037,法政大学国際高等学校
5038,福島県立小高産業技術高等学校・相馬農業高等学校
5039,栃木県立今市高等学校
5040,愛媛県立松山北高等学校
5041,宮城県工業高等学校
5042,盛岡大学附属高等学校
5043,長野県岡谷工業高等学校
5044,千葉県立浦安高等学校
5045,名城大学附属高等学校
5046,常葉大学附属橘高等学校
5047,日本大学第三高等学校
5048,大子一・大子清流高等学校
5049,山口県立日置農業高等学校
5050,埼玉県立上尾橘高等学校
5051,島根県立松江南高等学校
5052,神戸朝鮮高級学校
5053,福島県立郡山北工業高等学校
5054,山口県立下関中央工業高校
5055,千葉県立船橋二和高等学校
5056,滋賀短期大学附属高等学校
5057,広島修道大学ひろしま協創中・高等学校
5058,東大谷高等学校
5059,北海道留萌高等学校
5060,福岡県立八幡工業高等学校
5061,栃木県立鹿沼東高等学校
5062,北海道天塩高等学校
5063,岐阜県立中濃西高等学校
5064,秋田県立由利高等学校
5065,臼田・軽井沢・東部・望月
5066,岐阜女子高等学校
5067,明和県央高等学校
5068,泰星中学校・高等学校
5069,愛媛県立小松高等学校
5070,三島学園高等学校
5071,北海道北見緑陵高等学校
5072,愛知県立時習館高等学校
5073,兵庫県立赤穂高等学校
5074,沖縄県立八重山農林高等学校
5075,大東高校ホームページ
5076,小松大谷高等学校
5077,福島県立郡山工業高等学校
5078,山口県立高森高等学校
5079,福岡大学附属大濠高等学校
5080,岐阜県立岐南工業高等学校
5081,兵庫県立香寺高等学校
5082,華陵高等学校
5083,北海道札幌拓北高等学校
5084,青森市立第一高等学校
5085,埼玉県立伊奈学園総合高等学校
5086,東京都立足立東高等学校
5087,高知県立高知南高等学校
5088,福井県立武生工業高等学校
5089,北海道稚内商工高等学校
5090,東京都立江北高等学校
5091,石川県立野々市明倫高等学校
5092,北海道登別青嶺高等学校
5093,奈良県立生駒高等学校
5094,洗足学園大学附属高等学校
5095,東京都立秋留台高等学校
5096,浦和学院高等学校
5097,福島県立会津農林高等学校
5098,岐阜県立大垣養老高等学校
5099,東京都立井草高等学校
5100,武田中学校・高等学校
5101,神戸学院大学附属中学校・高等学校
5102,宇治高等学校
5103,兵庫県立神戸北高等学校
5104,香川県大手前高松中学・高等学校
5105,長崎県立大村工業高等学校
5106,広島県立尾道商業高等学校
5107,福島県立会津学鳳高等学校
5108,福島県立いわき光洋高等学校
5109,山口県立徳山高等学校鹿野分校
5110,成立学園高等学校
5111,新潟県立新潟西高等学校
5112,山口県立山口高等学校
5113,和歌山県立和歌山東高等学校
5114,栃木県立益子芳星高等学校
5115,宮崎県立妻高等学校
5116,奈良県立二階堂高等学校
5117,兵庫県立鈴蘭台西高等学校
5118,関西大学中等部・高等部
5119,兵庫県立山崎高等学校
5120,福島県立福島商業高等学校
5121,東洋女子高等学校
5122,長浜北・長浜・長浜北高等学校
5123,香川県立土庄高等学校
5124,和歌山県立和歌山北高等学校
5125,福島県立郡山高等学校
5126,倉敷高等学校
5127,神奈川県立二宮高等学校
5128,愛知県立祖父江・杏和高等学校
5129,落合・真庭高等学校
5130,北海道深川東高等学校
5131,兵庫県立加古川東高等学校
5132,幸福の科学学園関西中学校・高等学校
5133,坂城高等学校
5134,湘南女子高等学校
5135,愛知県立高蔵寺高等学校
5136,栃木県立烏山高等学校
5137,東京学館新潟高等学校
5138,長崎海星高等学校
5139,富山県立伏木高等学校
5140,愛媛県立小松高等学
5141,岡山県立水島工業高等学校
5142,鹿児島第一高等学校
5143,中部大学第一高等学校
5144,八戸聖ウルスラ学院中学・高等学校
5145,大阪府立北摂つばさ高等学校
5146,京都府立嵯峨野高等学校
5147,千葉県立船橋東高等学校
5148,兵庫県立西宮南高等学校
5149,大阪市立工芸高等学校
5150,聖光高等学校
5151,大成中学校・高等学校
5152,兵庫県立姫路別所高等学校
5153,福島県立小野高等学校
5154,淀之水高等学校
5155,福岡県立福岡魁誠高等学校
5156,北海道千歳北陽高等学校
5157,鹿児島県立川薩清修館高等学校
5158,西海学園高等学校
5159,富山県立中央農業高等学校
5160,大阪市立泉尾工業高等学校
5161,兵庫県立武庫荘総合高等学校
5162,神奈川県立茅ヶ崎北陵高等学校
5163,鹿児島県立鹿屋工業高等学校
5164,愛知県立旭丘高等学校
5165,神戸市立科学技術高等学校
5166,立命館慶祥高等学校
5167,暁中学校・高等学校
5168,新潟県立村松高等学校
5169,啓明女学院高等学校
5170,山口県立美祢青嶺高等学校
5171,青森県立三戸高等学校
5172,愛媛県立三瓶高等学校
5173,神奈川県立湘南高等学校通信制陸上自衛隊少年工科学校
5174,科学技術学園高等学校
5175,神奈川県立横浜栄高等学校
5176,富山県立富山中部高等学校
5177,富山県立井波高等学校
5178,阿智・飯田工業・松川高等学校
5179,宮崎県立高千穂高等学校
5180,熊本県立天草高等学校
5181,熊本市立高等学校
5182,鹿児島県立奄美高等学校
5183,初芝橋本中学校・高等学校
5184,広島県立庄原格致高等学校・庄原実業高等学校
5185,千葉県立東葛飾高等学校
5186,大阪工業大学高等学校
5187,岩手県立久慈工業高等学校
5188,岡山市立岡山後楽館高等学校
5189,精華高等学校
5190,茨城県立太田第一高等学校
5191,長崎県立島原翔南高等学校
5192,九州産業大学付属九州高等学校
5193,茨城県立石岡商業高等学校
5194,北海道南茅部高等学校
5195,昭和第一学園高等学校
5196,神田女学園高等学校
5197,北海道札幌清田高等学校
5198,石川県立町野高等学校
5199,京都精華女子中学校・高等学校
5200,日体荏原高等学校
5201,香川県立善通寺第一高等学校
5202,日本大学三島高等学校
5203,東北中学校 (旧制)
5204,秋田県立大館高等学校
5205,広島県立賀茂北高等学校・東広島市立豊栄中学校
5206,長崎県立佐世保東翔高等学校
5207,北海道深川東・深川西高等学校
5208,鹿児島県立薩南工業高等学校・加世田常潤高等学校
5209,福島県立安達東高等学校
5210,長崎県立上対馬高等学校
5211,長野県屋代南高等学校
5212,佐賀中央工業高等学校
5213,長崎県立長崎北陽台高等学校
5214,淑徳与野高等学校
5215,秋田令和高等学校
5216,専修大学北上高等学校
5217,千葉県立船橋古和釜高等学校・八千代西高等学校
5218,静岡県立熱海高等学校
5219,高知県立高知西高等学校
5220,広島工業大学高等学校・広島桜が丘高等学校
5221,宮城県石巻商業高等学校
5222,石川県立小松工業高等学校
5223,兵庫県立西宮北高等学校
5224,須磨学園高等学校
5225,大阪府立八尾翠翔高等学校
5226,埼玉県立大宮商業高等学校
5227,福井県立春江工業高等学校
5228,菊川南陵高等学校
5229,徳島県立阿南工業高等学校